	company	link	location	title
0	G.O.C., S/A	https://www.linkedin.com/jobs/view/491776068?trkInfo=searchKeywordString%3AMarketing%2CsearchLocationString%3ACleveland%252C%2BOH%2Cvertical%3Ajobs%2CpageNum%3A1%2Cposition%3A1%2CMSRPsearchId%3Af770e7af-6086-446c-aa47-bab1430134ee&refId=f770e7af-6086-446c-aa47-bab1430134ee&trk=jobs_jserp_job_listing_text	Brecksville, OH, USMore Brecksville jobs >	Marketing and Graphic Internship
1	Fathom Marketing	https://www.linkedin.com/jobs/view/491719685?trkInfo=searchKeywordString%3AMarketing%2CsearchLocationString%3ACleveland%252C%2BOH%2Cvertical%3Ajobs%2CpageNum%3A1%2Cposition%3A2%2CMSRPsearchId%3Af770e7af-6086-446c-aa47-bab1430134ee&refId=f770e7af-6086-446c-aa47-bab1430134ee&trk=jobs_jserp_job_listing_text	Cleveland/Akron, Ohio AreaMore Cleveland jobs >	Marketing Automation Strategist
2	Kichler Lighting	https://www.linkedin.com/jobs/view/493680541?trkInfo=searchKeywordString%3AMarketing%2CsearchLocationString%3ACleveland%252C%2BOH%2Cvertical%3Ajobs%2CpageNum%3A1%2Cposition%3A3%2CMSRPsearchId%3Af770e7af-6086-446c-aa47-bab1430134ee&refId=f770e7af-6086-446c-aa47-bab1430134ee&trk=jobs_jserp_job_listing_text	Independence, OH, USMore Independence jobs >	Marketing Communications Specialist
3	industrial	https://www.linkedin.com/jobs/view/494008864?trkInfo=searchKeywordString%3AMarketing%2CsearchLocationString%3ACleveland%252C%2BOH%2Cvertical%3Ajobs%2CpageNum%3A1%2Cposition%3A4%2CMSRPsearchId%3Af770e7af-6086-446c-aa47-bab1430134ee&refId=f770e7af-6086-446c-aa47-bab1430134ee&trk=jobs_jserp_job_listing_text	Mayfield Heights, OH, USMore Cleveland jobs >	Marketing Analyst
4	Safeguard Properties	https://www.linkedin.com/jobs/view/489684977?trkInfo=searchKeywordString%3AMarketing%2CsearchLocationString%3ACleveland%252C%2BOH%2Cvertical%3Ajobs%2CpageNum%3A1%2Cposition%3A5%2CMSRPsearchId%3Af770e7af-6086-446c-aa47-bab1430134ee&refId=f770e7af-6086-446c-aa47-bab1430134ee&trk=jobs_jserp_job_listing_text	Cleveland/Akron, Ohio AreaMore Cleveland jobs >	Marketing Specialist
5	Hunter International Recruiting	https://www.linkedin.com/jobs/view/435442901?trkInfo=searchKeywordString%3AMarketing%2CsearchLocationString%3ACleveland%252C%2BOH%2Cvertical%3Ajobs%2CpageNum%3A1%2Cposition%3A6%2CMSRPsearchId%3Af770e7af-6086-446c-aa47-bab1430134ee&refId=f770e7af-6086-446c-aa47-bab1430134ee&trk=jobs_jserp_job_listing_text	Avon, OhioMore Avon jobs >	Product Marketing Specialist
6	i.e. Marketing Group	https://www.linkedin.com/jobs/view/494868967?trkInfo=searchKeywordString%3AMarketing%2CsearchLocationString%3ACleveland%252C%2BOH%2Cvertical%3Ajobs%2CpageNum%3A1%2Cposition%3A7%2CMSRPsearchId%3Af770e7af-6086-446c-aa47-bab1430134ee&refId=f770e7af-6086-446c-aa47-bab1430134ee&trk=jobs_jserp_job_listing_text	Lakewood, OH, USMore Lakewood jobs >	Sports Marketing - Marketing Coordinator - Entry Level
7	PROGRESSIVE CASUALTY INSURANCE CO	https://www.linkedin.com/jobs/view/493732923?trkInfo=searchKeywordString%3AMarketing%2CsearchLocationString%3ACleveland%252C%2BOH%2Cvertical%3Ajobs%2CpageNum%3A1%2Cposition%3A8%2CMSRPsearchId%3Af770e7af-6086-446c-aa47-bab1430134ee&refId=f770e7af-6086-446c-aa47-bab1430134ee&trk=jobs_jserp_job_listing_text	Mayfield, OH, USMore Cleveland jobs >	Marketing Process Analyst Senior to Marketing Process Analyst Lead
8	Summit Retail Solutions Inc.	https://www.linkedin.com/jobs/view/490120109?trkInfo=searchKeywordString%3AMarketing%2CsearchLocationString%3ACleveland%252C%2BOH%2Cvertical%3Ajobs%2CpageNum%3A1%2Cposition%3A9%2CMSRPsearchId%3Af770e7af-6086-446c-aa47-bab1430134ee&refId=f770e7af-6086-446c-aa47-bab1430134ee&trk=jobs_jserp_job_listing_text	Brunswick, OH, USMore Brunswick jobs >	Event Marketing Assistant - Marketing, Promotions & Public Relations
9	TPC Wire & Cable Corp.	https://www.linkedin.com/jobs/view/490114830?trkInfo=searchKeywordString%3AMarketing%2CsearchLocationString%3ACleveland%252C%2BOH%2Cvertical%3Ajobs%2CpageNum%3A1%2Cposition%3A10%2CMSRPsearchId%3Af770e7af-6086-446c-aa47-bab1430134ee&refId=f770e7af-6086-446c-aa47-bab1430134ee&trk=jobs_jserp_job_listing_text	Macedonia, OH, USMore Macedonia jobs >	Marketing Communications Specialist
10	Forest City Consulting Inc	https://www.linkedin.com/jobs/view/407293120?trkInfo=searchKeywordString%3AMarketing%2CsearchLocationString%3ACleveland%252C%2BOH%2Cvertical%3Ajobs%2CpageNum%3A1%2Cposition%3A11%2CMSRPsearchId%3Af770e7af-6086-446c-aa47-bab1430134ee&refId=f770e7af-6086-446c-aa47-bab1430134ee&trk=jobs_jserp_job_listing_text	Cleveland/Akron, Ohio AreaMore Cleveland jobs >	Entry Level Business Consultant | Marketing Account Executive
11	Exit Planning Institute	https://www.linkedin.com/jobs/view/491905344?trkInfo=searchKeywordString%3AMarketing%2CsearchLocationString%3ACleveland%252C%2BOH%2Cvertical%3Ajobs%2CpageNum%3A1%2Cposition%3A12%2CMSRPsearchId%3Af770e7af-6086-446c-aa47-bab1430134ee&refId=f770e7af-6086-446c-aa47-bab1430134ee&trk=jobs_jserp_job_listing_text	Cleveland/Akron, Ohio AreaMore Cleveland jobs >	Marketing Coordinator
12	MeyerDC	https://www.linkedin.com/jobs/view/494380249?trkInfo=searchKeywordString%3AMarketing%2CsearchLocationString%3ACleveland%252C%2BOH%2Cvertical%3Ajobs%2CpageNum%3A1%2Cposition%3A13%2CMSRPsearchId%3Af770e7af-6086-446c-aa47-bab1430134ee&refId=f770e7af-6086-446c-aa47-bab1430134ee&trk=jobs_jserp_job_listing_text	Hudson, OH, USMore Hudson jobs >	Content Marketing Manager
13	ABB	https://www.linkedin.com/jobs/view/456490532?trkInfo=searchKeywordString%3AMarketing%2CsearchLocationString%3ACleveland%252C%2BOH%2Cvertical%3Ajobs%2CpageNum%3A1%2Cposition%3A14%2CMSRPsearchId%3Af770e7af-6086-446c-aa47-bab1430134ee&refId=f770e7af-6086-446c-aa47-bab1430134ee&trk=jobs_jserp_job_listing_text	Cleveland, OH, USMore Cleveland jobs >	Marketing Co-op
14	State Industrial Products	https://www.linkedin.com/jobs/view/488586730?trkInfo=searchKeywordString%3AMarketing%2CsearchLocationString%3ACleveland%252C%2BOH%2Cvertical%3Ajobs%2CpageNum%3A1%2Cposition%3A15%2CMSRPsearchId%3Af770e7af-6086-446c-aa47-bab1430134ee&refId=f770e7af-6086-446c-aa47-bab1430134ee&trk=jobs_jserp_job_listing_text	Cleveland/Akron, Ohio AreaMore Cleveland jobs >	Marketing Analyst
15	Marcus & Millichap	https://www.linkedin.com/jobs/view/442083915?trkInfo=searchKeywordString%3AMarketing%2CsearchLocationString%3ACleveland%252C%2BOH%2Cvertical%3Ajobs%2CpageNum%3A1%2Cposition%3A16%2CMSRPsearchId%3Af770e7af-6086-446c-aa47-bab1430134ee&refId=f770e7af-6086-446c-aa47-bab1430134ee&trk=jobs_jserp_job_listing_text	Cleveland, OhioMore Cleveland jobs >	Marketing Coordinator
16	LeafFilter Gutter Protection	https://www.linkedin.com/jobs/view/488628937?trkInfo=searchKeywordString%3AMarketing%2CsearchLocationString%3ACleveland%252C%2BOH%2Cvertical%3Ajobs%2CpageNum%3A1%2Cposition%3A17%2CMSRPsearchId%3Af770e7af-6086-446c-aa47-bab1430134ee&refId=f770e7af-6086-446c-aa47-bab1430134ee&trk=jobs_jserp_job_listing_text	Hudson, OhioMore Hudson jobs >	Marketing Automation Specialist
17	Lakeside Events	https://www.linkedin.com/jobs/view/453205993?trkInfo=searchKeywordString%3AMarketing%2CsearchLocationString%3ACleveland%252C%2BOH%2Cvertical%3Ajobs%2CpageNum%3A1%2Cposition%3A18%2CMSRPsearchId%3Af770e7af-6086-446c-aa47-bab1430134ee&refId=f770e7af-6086-446c-aa47-bab1430134ee&trk=jobs_jserp_job_listing_text	Cleveland, OH, USMore Cleveland jobs >	Assistant Brand Manager ( Marketing / Public Relations )
18	The Job Network	https://www.linkedin.com/jobs/view/449661608?trkInfo=searchKeywordString%3AMarketing%2CsearchLocationString%3ACleveland%252C%2BOH%2Cvertical%3Ajobs%2CpageNum%3A1%2Cposition%3A19%2CMSRPsearchId%3Af770e7af-6086-446c-aa47-bab1430134ee&refId=f770e7af-6086-446c-aa47-bab1430134ee&trk=jobs_jserp_job_listing_text	Avon, OH, USMore Avon jobs >	Marketing Specialist
19	Schneider Saddlery	https://www.linkedin.com/jobs/view/477032820?trkInfo=searchKeywordString%3AMarketing%2CsearchLocationString%3ACleveland%252C%2BOH%2Cvertical%3Ajobs%2CpageNum%3A1%2Cposition%3A20%2CMSRPsearchId%3Af770e7af-6086-446c-aa47-bab1430134ee&refId=f770e7af-6086-446c-aa47-bab1430134ee&trk=jobs_jserp_job_listing_text	Chagrin Falls, OhioMore Chagrin Falls jobs >	Marketing Manager - Direct Marketing
20	Kharismatic Solutions, Inc.	https://www.linkedin.com/jobs/view/453207991?trkInfo=searchKeywordString%3AMarketing%2CsearchLocationString%3ACleveland%252C%2BOH%2Cvertical%3Ajobs%2CpageNum%3A1%2Cposition%3A21%2CMSRPsearchId%3Af770e7af-6086-446c-aa47-bab1430134ee&refId=f770e7af-6086-446c-aa47-bab1430134ee&trk=jobs_jserp_job_listing_text	Independence, OH, USMore Independence jobs >	Sports Minded Entry Level Marketing And Advertising Associate
21	Score Marketing, Inc	https://www.linkedin.com/jobs/view/484971924?trkInfo=searchKeywordString%3AMarketing%2CsearchLocationString%3ACleveland%252C%2BOH%2Cvertical%3Ajobs%2CpageNum%3A1%2Cposition%3A22%2CMSRPsearchId%3Af770e7af-6086-446c-aa47-bab1430134ee&refId=f770e7af-6086-446c-aa47-bab1430134ee&trk=jobs_jserp_job_listing_text	Cleveland/Akron, Ohio AreaMore Cleveland jobs >	Entry Level Management/Marketing - College Grads Welcomed
22	Bendix Commercial Vehicles Systems LLC	https://www.linkedin.com/jobs/view/493816052?trkInfo=searchKeywordString%3AMarketing%2CsearchLocationString%3ACleveland%252C%2BOH%2Cvertical%3Ajobs%2CpageNum%3A1%2Cposition%3A23%2CMSRPsearchId%3Af770e7af-6086-446c-aa47-bab1430134ee&refId=f770e7af-6086-446c-aa47-bab1430134ee&trk=jobs_jserp_job_listing_text	Elyria, OH, USMore Elyria jobs >	Marketing Coop Spring
23	Brandmuscle	https://www.linkedin.com/jobs/view/483856074?trkInfo=searchKeywordString%3AMarketing%2CsearchLocationString%3ACleveland%252C%2BOH%2Cvertical%3Ajobs%2CpageNum%3A1%2Cposition%3A24%2CMSRPsearchId%3Af770e7af-6086-446c-aa47-bab1430134ee&refId=f770e7af-6086-446c-aa47-bab1430134ee&trk=jobs_jserp_job_listing_text	Cleveland, OhioMore Cleveland jobs >	Marketing Coordinator - Events & Media
24	The DMA	https://www.linkedin.com/jobs/view/493684959?trkInfo=searchKeywordString%3AMarketing%2CsearchLocationString%3ACleveland%252C%2BOH%2Cvertical%3Ajobs%2CpageNum%3A1%2Cposition%3A25%2CMSRPsearchId%3Af770e7af-6086-446c-aa47-bab1430134ee&refId=f770e7af-6086-446c-aa47-bab1430134ee&trk=jobs_jserp_job_listing_text	Mayfield Heights, OH, USMore Cleveland jobs >	Marketing Manager
25	G.O.C., S/A	https://www.linkedin.com/jobs/view/491776068?trkInfo=searchKeywordString%3AMarketing%2CsearchLocationString%3ACleveland%252C%2BOH%2Cvertical%3Ajobs%2CpageNum%3A1%2Cposition%3A1%2CMSRPsearchId%3A0e6f8ec6-afed-4058-9b53-0ab76c1309d8&refId=0e6f8ec6-afed-4058-9b53-0ab76c1309d8&trk=jobs_jserp_job_listing_text	Brecksville, OH, USMore Brecksville jobs >	Marketing and Graphic Internship
26	Fathom Marketing	https://www.linkedin.com/jobs/view/491719685?trkInfo=searchKeywordString%3AMarketing%2CsearchLocationString%3ACleveland%252C%2BOH%2Cvertical%3Ajobs%2CpageNum%3A1%2Cposition%3A2%2CMSRPsearchId%3A0e6f8ec6-afed-4058-9b53-0ab76c1309d8&refId=0e6f8ec6-afed-4058-9b53-0ab76c1309d8&trk=jobs_jserp_job_listing_text	Cleveland/Akron, Ohio AreaMore Cleveland jobs >	Marketing Automation Strategist
27	Kichler Lighting	https://www.linkedin.com/jobs/view/493680541?trkInfo=searchKeywordString%3AMarketing%2CsearchLocationString%3ACleveland%252C%2BOH%2Cvertical%3Ajobs%2CpageNum%3A1%2Cposition%3A3%2CMSRPsearchId%3A0e6f8ec6-afed-4058-9b53-0ab76c1309d8&refId=0e6f8ec6-afed-4058-9b53-0ab76c1309d8&trk=jobs_jserp_job_listing_text	Independence, OH, USMore Independence jobs >	Marketing Communications Specialist
28	industrial	https://www.linkedin.com/jobs/view/494008864?trkInfo=searchKeywordString%3AMarketing%2CsearchLocationString%3ACleveland%252C%2BOH%2Cvertical%3Ajobs%2CpageNum%3A1%2Cposition%3A4%2CMSRPsearchId%3A0e6f8ec6-afed-4058-9b53-0ab76c1309d8&refId=0e6f8ec6-afed-4058-9b53-0ab76c1309d8&trk=jobs_jserp_job_listing_text	Mayfield Heights, OH, USMore Cleveland jobs >	Marketing Analyst
29	Safeguard Properties	https://www.linkedin.com/jobs/view/489684977?trkInfo=searchKeywordString%3AMarketing%2CsearchLocationString%3ACleveland%252C%2BOH%2Cvertical%3Ajobs%2CpageNum%3A1%2Cposition%3A5%2CMSRPsearchId%3A0e6f8ec6-afed-4058-9b53-0ab76c1309d8&refId=0e6f8ec6-afed-4058-9b53-0ab76c1309d8&trk=jobs_jserp_job_listing_text	Cleveland/Akron, Ohio AreaMore Cleveland jobs >	Marketing Specialist
30	Hunter International Recruiting	https://www.linkedin.com/jobs/view/435442901?trkInfo=searchKeywordString%3AMarketing%2CsearchLocationString%3ACleveland%252C%2BOH%2Cvertical%3Ajobs%2CpageNum%3A1%2Cposition%3A6%2CMSRPsearchId%3A0e6f8ec6-afed-4058-9b53-0ab76c1309d8&refId=0e6f8ec6-afed-4058-9b53-0ab76c1309d8&trk=jobs_jserp_job_listing_text	Avon, OhioMore Avon jobs >	Product Marketing Specialist
31	i.e. Marketing Group	https://www.linkedin.com/jobs/view/494868967?trkInfo=searchKeywordString%3AMarketing%2CsearchLocationString%3ACleveland%252C%2BOH%2Cvertical%3Ajobs%2CpageNum%3A1%2Cposition%3A7%2CMSRPsearchId%3A0e6f8ec6-afed-4058-9b53-0ab76c1309d8&refId=0e6f8ec6-afed-4058-9b53-0ab76c1309d8&trk=jobs_jserp_job_listing_text	Lakewood, OH, USMore Lakewood jobs >	Sports Marketing - Marketing Coordinator - Entry Level
32	PROGRESSIVE CASUALTY INSURANCE CO	https://www.linkedin.com/jobs/view/493732923?trkInfo=searchKeywordString%3AMarketing%2CsearchLocationString%3ACleveland%252C%2BOH%2Cvertical%3Ajobs%2CpageNum%3A1%2Cposition%3A8%2CMSRPsearchId%3A0e6f8ec6-afed-4058-9b53-0ab76c1309d8&refId=0e6f8ec6-afed-4058-9b53-0ab76c1309d8&trk=jobs_jserp_job_listing_text	Mayfield, OH, USMore Cleveland jobs >	Marketing Process Analyst Senior to Marketing Process Analyst Lead
33	Summit Retail Solutions Inc.	https://www.linkedin.com/jobs/view/490120109?trkInfo=searchKeywordString%3AMarketing%2CsearchLocationString%3ACleveland%252C%2BOH%2Cvertical%3Ajobs%2CpageNum%3A1%2Cposition%3A9%2CMSRPsearchId%3A0e6f8ec6-afed-4058-9b53-0ab76c1309d8&refId=0e6f8ec6-afed-4058-9b53-0ab76c1309d8&trk=jobs_jserp_job_listing_text	Brunswick, OH, USMore Brunswick jobs >	Event Marketing Assistant - Marketing, Promotions & Public Relations
34	TPC Wire & Cable Corp.	https://www.linkedin.com/jobs/view/490114830?trkInfo=searchKeywordString%3AMarketing%2CsearchLocationString%3ACleveland%252C%2BOH%2Cvertical%3Ajobs%2CpageNum%3A1%2Cposition%3A10%2CMSRPsearchId%3A0e6f8ec6-afed-4058-9b53-0ab76c1309d8&refId=0e6f8ec6-afed-4058-9b53-0ab76c1309d8&trk=jobs_jserp_job_listing_text	Macedonia, OH, USMore Macedonia jobs >	Marketing Communications Specialist
35	Forest City Consulting Inc	https://www.linkedin.com/jobs/view/407293120?trkInfo=searchKeywordString%3AMarketing%2CsearchLocationString%3ACleveland%252C%2BOH%2Cvertical%3Ajobs%2CpageNum%3A1%2Cposition%3A11%2CMSRPsearchId%3A0e6f8ec6-afed-4058-9b53-0ab76c1309d8&refId=0e6f8ec6-afed-4058-9b53-0ab76c1309d8&trk=jobs_jserp_job_listing_text	Cleveland/Akron, Ohio AreaMore Cleveland jobs >	Entry Level Business Consultant | Marketing Account Executive
36	Exit Planning Institute	https://www.linkedin.com/jobs/view/491905344?trkInfo=searchKeywordString%3AMarketing%2CsearchLocationString%3ACleveland%252C%2BOH%2Cvertical%3Ajobs%2CpageNum%3A1%2Cposition%3A12%2CMSRPsearchId%3A0e6f8ec6-afed-4058-9b53-0ab76c1309d8&refId=0e6f8ec6-afed-4058-9b53-0ab76c1309d8&trk=jobs_jserp_job_listing_text	Cleveland/Akron, Ohio AreaMore Cleveland jobs >	Marketing Coordinator
37	MeyerDC	https://www.linkedin.com/jobs/view/494380249?trkInfo=searchKeywordString%3AMarketing%2CsearchLocationString%3ACleveland%252C%2BOH%2Cvertical%3Ajobs%2CpageNum%3A1%2Cposition%3A13%2CMSRPsearchId%3A0e6f8ec6-afed-4058-9b53-0ab76c1309d8&refId=0e6f8ec6-afed-4058-9b53-0ab76c1309d8&trk=jobs_jserp_job_listing_text	Hudson, OH, USMore Hudson jobs >	Content Marketing Manager
38	ABB	https://www.linkedin.com/jobs/view/456490532?trkInfo=searchKeywordString%3AMarketing%2CsearchLocationString%3ACleveland%252C%2BOH%2Cvertical%3Ajobs%2CpageNum%3A1%2Cposition%3A14%2CMSRPsearchId%3A0e6f8ec6-afed-4058-9b53-0ab76c1309d8&refId=0e6f8ec6-afed-4058-9b53-0ab76c1309d8&trk=jobs_jserp_job_listing_text	Cleveland, OH, USMore Cleveland jobs >	Marketing Co-op
39	State Industrial Products	https://www.linkedin.com/jobs/view/488586730?trkInfo=searchKeywordString%3AMarketing%2CsearchLocationString%3ACleveland%252C%2BOH%2Cvertical%3Ajobs%2CpageNum%3A1%2Cposition%3A15%2CMSRPsearchId%3A0e6f8ec6-afed-4058-9b53-0ab76c1309d8&refId=0e6f8ec6-afed-4058-9b53-0ab76c1309d8&trk=jobs_jserp_job_listing_text	Cleveland/Akron, Ohio AreaMore Cleveland jobs >	Marketing Analyst
40	Marcus & Millichap	https://www.linkedin.com/jobs/view/442083915?trkInfo=searchKeywordString%3AMarketing%2CsearchLocationString%3ACleveland%252C%2BOH%2Cvertical%3Ajobs%2CpageNum%3A1%2Cposition%3A16%2CMSRPsearchId%3A0e6f8ec6-afed-4058-9b53-0ab76c1309d8&refId=0e6f8ec6-afed-4058-9b53-0ab76c1309d8&trk=jobs_jserp_job_listing_text	Cleveland, OhioMore Cleveland jobs >	Marketing Coordinator
41	LeafFilter Gutter Protection	https://www.linkedin.com/jobs/view/488628937?trkInfo=searchKeywordString%3AMarketing%2CsearchLocationString%3ACleveland%252C%2BOH%2Cvertical%3Ajobs%2CpageNum%3A1%2Cposition%3A17%2CMSRPsearchId%3A0e6f8ec6-afed-4058-9b53-0ab76c1309d8&refId=0e6f8ec6-afed-4058-9b53-0ab76c1309d8&trk=jobs_jserp_job_listing_text	Hudson, OhioMore Hudson jobs >	Marketing Automation Specialist
42	Lakeside Events	https://www.linkedin.com/jobs/view/453205993?trkInfo=searchKeywordString%3AMarketing%2CsearchLocationString%3ACleveland%252C%2BOH%2Cvertical%3Ajobs%2CpageNum%3A1%2Cposition%3A18%2CMSRPsearchId%3A0e6f8ec6-afed-4058-9b53-0ab76c1309d8&refId=0e6f8ec6-afed-4058-9b53-0ab76c1309d8&trk=jobs_jserp_job_listing_text	Cleveland, OH, USMore Cleveland jobs >	Assistant Brand Manager ( Marketing / Public Relations )
43	The Job Network	https://www.linkedin.com/jobs/view/449661608?trkInfo=searchKeywordString%3AMarketing%2CsearchLocationString%3ACleveland%252C%2BOH%2Cvertical%3Ajobs%2CpageNum%3A1%2Cposition%3A19%2CMSRPsearchId%3A0e6f8ec6-afed-4058-9b53-0ab76c1309d8&refId=0e6f8ec6-afed-4058-9b53-0ab76c1309d8&trk=jobs_jserp_job_listing_text	Avon, OH, USMore Avon jobs >	Marketing Specialist
44	Schneider Saddlery	https://www.linkedin.com/jobs/view/477032820?trkInfo=searchKeywordString%3AMarketing%2CsearchLocationString%3ACleveland%252C%2BOH%2Cvertical%3Ajobs%2CpageNum%3A1%2Cposition%3A20%2CMSRPsearchId%3A0e6f8ec6-afed-4058-9b53-0ab76c1309d8&refId=0e6f8ec6-afed-4058-9b53-0ab76c1309d8&trk=jobs_jserp_job_listing_text	Chagrin Falls, OhioMore Chagrin Falls jobs >	Marketing Manager - Direct Marketing
45	Kharismatic Solutions, Inc.	https://www.linkedin.com/jobs/view/453207991?trkInfo=searchKeywordString%3AMarketing%2CsearchLocationString%3ACleveland%252C%2BOH%2Cvertical%3Ajobs%2CpageNum%3A1%2Cposition%3A21%2CMSRPsearchId%3A0e6f8ec6-afed-4058-9b53-0ab76c1309d8&refId=0e6f8ec6-afed-4058-9b53-0ab76c1309d8&trk=jobs_jserp_job_listing_text	Independence, OH, USMore Independence jobs >	Sports Minded Entry Level Marketing And Advertising Associate
46	Score Marketing, Inc	https://www.linkedin.com/jobs/view/484971924?trkInfo=searchKeywordString%3AMarketing%2CsearchLocationString%3ACleveland%252C%2BOH%2Cvertical%3Ajobs%2CpageNum%3A1%2Cposition%3A22%2CMSRPsearchId%3A0e6f8ec6-afed-4058-9b53-0ab76c1309d8&refId=0e6f8ec6-afed-4058-9b53-0ab76c1309d8&trk=jobs_jserp_job_listing_text	Cleveland/Akron, Ohio AreaMore Cleveland jobs >	Entry Level Management/Marketing - College Grads Welcomed
47	Brandmuscle	https://www.linkedin.com/jobs/view/483856074?trkInfo=searchKeywordString%3AMarketing%2CsearchLocationString%3ACleveland%252C%2BOH%2Cvertical%3Ajobs%2CpageNum%3A1%2Cposition%3A23%2CMSRPsearchId%3A0e6f8ec6-afed-4058-9b53-0ab76c1309d8&refId=0e6f8ec6-afed-4058-9b53-0ab76c1309d8&trk=jobs_jserp_job_listing_text	Cleveland, OhioMore Cleveland jobs >	Marketing Coordinator - Events & Media
48	The DMA	https://www.linkedin.com/jobs/view/493684959?trkInfo=searchKeywordString%3AMarketing%2CsearchLocationString%3ACleveland%252C%2BOH%2Cvertical%3Ajobs%2CpageNum%3A1%2Cposition%3A24%2CMSRPsearchId%3A0e6f8ec6-afed-4058-9b53-0ab76c1309d8&refId=0e6f8ec6-afed-4058-9b53-0ab76c1309d8&trk=jobs_jserp_job_listing_text	Mayfield Heights, OH, USMore Cleveland jobs >	Marketing Manager
49	Operation Smile	https://www.linkedin.com/jobs/view/489635070?trkInfo=searchKeywordString%3AMarketing%2CsearchLocationString%3ACleveland%252C%2BOH%2Cvertical%3Ajobs%2CpageNum%3A1%2Cposition%3A25%2CMSRPsearchId%3A0e6f8ec6-afed-4058-9b53-0ab76c1309d8&refId=0e6f8ec6-afed-4058-9b53-0ab76c1309d8&trk=jobs_jserp_job_listing_text	Cleveland, OH, USMore Cleveland jobs >	Digital Marketing Specialist, Email Communication
50	G.O.C., S/A	https://www.linkedin.com/jobs/view/491776068?trkInfo=searchKeywordString%3AMarketing%2CsearchLocationString%3ACleveland%252C%2BOH%2Cvertical%3Ajobs%2CpageNum%3A1%2Cposition%3A1%2CMSRPsearchId%3Ab22fbdaa-7d16-48d5-975d-fc8b313412b9&refId=b22fbdaa-7d16-48d5-975d-fc8b313412b9&trk=jobs_jserp_job_listing_text	Brecksville, OH, USMore Brecksville jobs >	Marketing and Graphic Internship
51	Fathom Marketing	https://www.linkedin.com/jobs/view/491719685?trkInfo=searchKeywordString%3AMarketing%2CsearchLocationString%3ACleveland%252C%2BOH%2Cvertical%3Ajobs%2CpageNum%3A1%2Cposition%3A2%2CMSRPsearchId%3Ab22fbdaa-7d16-48d5-975d-fc8b313412b9&refId=b22fbdaa-7d16-48d5-975d-fc8b313412b9&trk=jobs_jserp_job_listing_text	Cleveland/Akron, Ohio AreaMore Cleveland jobs >	Marketing Automation Strategist
52	Kichler Lighting	https://www.linkedin.com/jobs/view/493680541?trkInfo=searchKeywordString%3AMarketing%2CsearchLocationString%3ACleveland%252C%2BOH%2Cvertical%3Ajobs%2CpageNum%3A1%2Cposition%3A3%2CMSRPsearchId%3Ab22fbdaa-7d16-48d5-975d-fc8b313412b9&refId=b22fbdaa-7d16-48d5-975d-fc8b313412b9&trk=jobs_jserp_job_listing_text	Independence, OH, USMore Independence jobs >	Marketing Communications Specialist
53	industrial	https://www.linkedin.com/jobs/view/494008864?trkInfo=searchKeywordString%3AMarketing%2CsearchLocationString%3ACleveland%252C%2BOH%2Cvertical%3Ajobs%2CpageNum%3A1%2Cposition%3A4%2CMSRPsearchId%3Ab22fbdaa-7d16-48d5-975d-fc8b313412b9&refId=b22fbdaa-7d16-48d5-975d-fc8b313412b9&trk=jobs_jserp_job_listing_text	Mayfield Heights, OH, USMore Cleveland jobs >	Marketing Analyst
54	Safeguard Properties	https://www.linkedin.com/jobs/view/489684977?trkInfo=searchKeywordString%3AMarketing%2CsearchLocationString%3ACleveland%252C%2BOH%2Cvertical%3Ajobs%2CpageNum%3A1%2Cposition%3A5%2CMSRPsearchId%3Ab22fbdaa-7d16-48d5-975d-fc8b313412b9&refId=b22fbdaa-7d16-48d5-975d-fc8b313412b9&trk=jobs_jserp_job_listing_text	Cleveland/Akron, Ohio AreaMore Cleveland jobs >	Marketing Specialist
55	Hunter International Recruiting	https://www.linkedin.com/jobs/view/435442901?trkInfo=searchKeywordString%3AMarketing%2CsearchLocationString%3ACleveland%252C%2BOH%2Cvertical%3Ajobs%2CpageNum%3A1%2Cposition%3A6%2CMSRPsearchId%3Ab22fbdaa-7d16-48d5-975d-fc8b313412b9&refId=b22fbdaa-7d16-48d5-975d-fc8b313412b9&trk=jobs_jserp_job_listing_text	Avon, OhioMore Avon jobs >	Product Marketing Specialist
56	i.e. Marketing Group	https://www.linkedin.com/jobs/view/494868967?trkInfo=searchKeywordString%3AMarketing%2CsearchLocationString%3ACleveland%252C%2BOH%2Cvertical%3Ajobs%2CpageNum%3A1%2Cposition%3A7%2CMSRPsearchId%3Ab22fbdaa-7d16-48d5-975d-fc8b313412b9&refId=b22fbdaa-7d16-48d5-975d-fc8b313412b9&trk=jobs_jserp_job_listing_text	Lakewood, OH, USMore Lakewood jobs >	Sports Marketing - Marketing Coordinator - Entry Level
57	PROGRESSIVE CASUALTY INSURANCE CO	https://www.linkedin.com/jobs/view/493732923?trkInfo=searchKeywordString%3AMarketing%2CsearchLocationString%3ACleveland%252C%2BOH%2Cvertical%3Ajobs%2CpageNum%3A1%2Cposition%3A8%2CMSRPsearchId%3Ab22fbdaa-7d16-48d5-975d-fc8b313412b9&refId=b22fbdaa-7d16-48d5-975d-fc8b313412b9&trk=jobs_jserp_job_listing_text	Mayfield, OH, USMore Cleveland jobs >	Marketing Process Analyst Senior to Marketing Process Analyst Lead
58	Summit Retail Solutions Inc.	https://www.linkedin.com/jobs/view/490120109?trkInfo=searchKeywordString%3AMarketing%2CsearchLocationString%3ACleveland%252C%2BOH%2Cvertical%3Ajobs%2CpageNum%3A1%2Cposition%3A9%2CMSRPsearchId%3Ab22fbdaa-7d16-48d5-975d-fc8b313412b9&refId=b22fbdaa-7d16-48d5-975d-fc8b313412b9&trk=jobs_jserp_job_listing_text	Brunswick, OH, USMore Brunswick jobs >	Event Marketing Assistant - Marketing, Promotions & Public Relations
59	TPC Wire & Cable Corp.	https://www.linkedin.com/jobs/view/490114830?trkInfo=searchKeywordString%3AMarketing%2CsearchLocationString%3ACleveland%252C%2BOH%2Cvertical%3Ajobs%2CpageNum%3A1%2Cposition%3A10%2CMSRPsearchId%3Ab22fbdaa-7d16-48d5-975d-fc8b313412b9&refId=b22fbdaa-7d16-48d5-975d-fc8b313412b9&trk=jobs_jserp_job_listing_text	Macedonia, OH, USMore Macedonia jobs >	Marketing Communications Specialist
60	Forest City Consulting Inc	https://www.linkedin.com/jobs/view/407293120?trkInfo=searchKeywordString%3AMarketing%2CsearchLocationString%3ACleveland%252C%2BOH%2Cvertical%3Ajobs%2CpageNum%3A1%2Cposition%3A11%2CMSRPsearchId%3Ab22fbdaa-7d16-48d5-975d-fc8b313412b9&refId=b22fbdaa-7d16-48d5-975d-fc8b313412b9&trk=jobs_jserp_job_listing_text	Cleveland/Akron, Ohio AreaMore Cleveland jobs >	Entry Level Business Consultant | Marketing Account Executive
61	Exit Planning Institute	https://www.linkedin.com/jobs/view/491905344?trkInfo=searchKeywordString%3AMarketing%2CsearchLocationString%3ACleveland%252C%2BOH%2Cvertical%3Ajobs%2CpageNum%3A1%2Cposition%3A12%2CMSRPsearchId%3Ab22fbdaa-7d16-48d5-975d-fc8b313412b9&refId=b22fbdaa-7d16-48d5-975d-fc8b313412b9&trk=jobs_jserp_job_listing_text	Cleveland/Akron, Ohio AreaMore Cleveland jobs >	Marketing Coordinator
62	MeyerDC	https://www.linkedin.com/jobs/view/494380249?trkInfo=searchKeywordString%3AMarketing%2CsearchLocationString%3ACleveland%252C%2BOH%2Cvertical%3Ajobs%2CpageNum%3A1%2Cposition%3A13%2CMSRPsearchId%3Ab22fbdaa-7d16-48d5-975d-fc8b313412b9&refId=b22fbdaa-7d16-48d5-975d-fc8b313412b9&trk=jobs_jserp_job_listing_text	Hudson, OH, USMore Hudson jobs >	Content Marketing Manager
63	ABB	https://www.linkedin.com/jobs/view/456490532?trkInfo=searchKeywordString%3AMarketing%2CsearchLocationString%3ACleveland%252C%2BOH%2Cvertical%3Ajobs%2CpageNum%3A1%2Cposition%3A14%2CMSRPsearchId%3Ab22fbdaa-7d16-48d5-975d-fc8b313412b9&refId=b22fbdaa-7d16-48d5-975d-fc8b313412b9&trk=jobs_jserp_job_listing_text	Cleveland, OH, USMore Cleveland jobs >	Marketing Co-op
64	State Industrial Products	https://www.linkedin.com/jobs/view/488586730?trkInfo=searchKeywordString%3AMarketing%2CsearchLocationString%3ACleveland%252C%2BOH%2Cvertical%3Ajobs%2CpageNum%3A1%2Cposition%3A15%2CMSRPsearchId%3Ab22fbdaa-7d16-48d5-975d-fc8b313412b9&refId=b22fbdaa-7d16-48d5-975d-fc8b313412b9&trk=jobs_jserp_job_listing_text	Cleveland/Akron, Ohio AreaMore Cleveland jobs >	Marketing Analyst
65	Marcus & Millichap	https://www.linkedin.com/jobs/view/442083915?trkInfo=searchKeywordString%3AMarketing%2CsearchLocationString%3ACleveland%252C%2BOH%2Cvertical%3Ajobs%2CpageNum%3A1%2Cposition%3A16%2CMSRPsearchId%3Ab22fbdaa-7d16-48d5-975d-fc8b313412b9&refId=b22fbdaa-7d16-48d5-975d-fc8b313412b9&trk=jobs_jserp_job_listing_text	Cleveland, OhioMore Cleveland jobs >	Marketing Coordinator
66	LeafFilter Gutter Protection	https://www.linkedin.com/jobs/view/488628937?trkInfo=searchKeywordString%3AMarketing%2CsearchLocationString%3ACleveland%252C%2BOH%2Cvertical%3Ajobs%2CpageNum%3A1%2Cposition%3A17%2CMSRPsearchId%3Ab22fbdaa-7d16-48d5-975d-fc8b313412b9&refId=b22fbdaa-7d16-48d5-975d-fc8b313412b9&trk=jobs_jserp_job_listing_text	Hudson, OhioMore Hudson jobs >	Marketing Automation Specialist
67	Lakeside Events	https://www.linkedin.com/jobs/view/453205993?trkInfo=searchKeywordString%3AMarketing%2CsearchLocationString%3ACleveland%252C%2BOH%2Cvertical%3Ajobs%2CpageNum%3A1%2Cposition%3A18%2CMSRPsearchId%3Ab22fbdaa-7d16-48d5-975d-fc8b313412b9&refId=b22fbdaa-7d16-48d5-975d-fc8b313412b9&trk=jobs_jserp_job_listing_text	Cleveland, OH, USMore Cleveland jobs >	Assistant Brand Manager ( Marketing / Public Relations )
68	The Job Network	https://www.linkedin.com/jobs/view/449661608?trkInfo=searchKeywordString%3AMarketing%2CsearchLocationString%3ACleveland%252C%2BOH%2Cvertical%3Ajobs%2CpageNum%3A1%2Cposition%3A19%2CMSRPsearchId%3Ab22fbdaa-7d16-48d5-975d-fc8b313412b9&refId=b22fbdaa-7d16-48d5-975d-fc8b313412b9&trk=jobs_jserp_job_listing_text	Avon, OH, USMore Avon jobs >	Marketing Specialist
69	Schneider Saddlery	https://www.linkedin.com/jobs/view/477032820?trkInfo=searchKeywordString%3AMarketing%2CsearchLocationString%3ACleveland%252C%2BOH%2Cvertical%3Ajobs%2CpageNum%3A1%2Cposition%3A20%2CMSRPsearchId%3Ab22fbdaa-7d16-48d5-975d-fc8b313412b9&refId=b22fbdaa-7d16-48d5-975d-fc8b313412b9&trk=jobs_jserp_job_listing_text	Chagrin Falls, OhioMore Chagrin Falls jobs >	Marketing Manager - Direct Marketing
70	Kharismatic Solutions, Inc.	https://www.linkedin.com/jobs/view/453207991?trkInfo=searchKeywordString%3AMarketing%2CsearchLocationString%3ACleveland%252C%2BOH%2Cvertical%3Ajobs%2CpageNum%3A1%2Cposition%3A21%2CMSRPsearchId%3Ab22fbdaa-7d16-48d5-975d-fc8b313412b9&refId=b22fbdaa-7d16-48d5-975d-fc8b313412b9&trk=jobs_jserp_job_listing_text	Independence, OH, USMore Independence jobs >	Sports Minded Entry Level Marketing And Advertising Associate
71	Score Marketing, Inc	https://www.linkedin.com/jobs/view/484971924?trkInfo=searchKeywordString%3AMarketing%2CsearchLocationString%3ACleveland%252C%2BOH%2Cvertical%3Ajobs%2CpageNum%3A1%2Cposition%3A22%2CMSRPsearchId%3Ab22fbdaa-7d16-48d5-975d-fc8b313412b9&refId=b22fbdaa-7d16-48d5-975d-fc8b313412b9&trk=jobs_jserp_job_listing_text	Cleveland/Akron, Ohio AreaMore Cleveland jobs >	Entry Level Management/Marketing - College Grads Welcomed
72	Brandmuscle	https://www.linkedin.com/jobs/view/483856074?trkInfo=searchKeywordString%3AMarketing%2CsearchLocationString%3ACleveland%252C%2BOH%2Cvertical%3Ajobs%2CpageNum%3A1%2Cposition%3A23%2CMSRPsearchId%3Ab22fbdaa-7d16-48d5-975d-fc8b313412b9&refId=b22fbdaa-7d16-48d5-975d-fc8b313412b9&trk=jobs_jserp_job_listing_text	Cleveland, OhioMore Cleveland jobs >	Marketing Coordinator - Events & Media
73	The DMA	https://www.linkedin.com/jobs/view/493684959?trkInfo=searchKeywordString%3AMarketing%2CsearchLocationString%3ACleveland%252C%2BOH%2Cvertical%3Ajobs%2CpageNum%3A1%2Cposition%3A24%2CMSRPsearchId%3Ab22fbdaa-7d16-48d5-975d-fc8b313412b9&refId=b22fbdaa-7d16-48d5-975d-fc8b313412b9&trk=jobs_jserp_job_listing_text	Mayfield Heights, OH, USMore Cleveland jobs >	Marketing Manager
74	Operation Smile	https://www.linkedin.com/jobs/view/489635070?trkInfo=searchKeywordString%3AMarketing%2CsearchLocationString%3ACleveland%252C%2BOH%2Cvertical%3Ajobs%2CpageNum%3A1%2Cposition%3A25%2CMSRPsearchId%3Ab22fbdaa-7d16-48d5-975d-fc8b313412b9&refId=b22fbdaa-7d16-48d5-975d-fc8b313412b9&trk=jobs_jserp_job_listing_text	Cleveland, OH, USMore Cleveland jobs >	Digital Marketing Specialist, Email Communication
75	The Job Network	https://www.linkedin.com/jobs/view/449661608?trkInfo=searchKeywordString%3AMarketing%2CsearchLocationString%3ACleveland%252C%2BOH%2Cvertical%3Ajobs%2CpageNum%3A1%2Cposition%3A19%2CMSRPsearchId%3A8052e2d1-2b78-4717-8772-77c9b42f59f0&refId=8052e2d1-2b78-4717-8772-77c9b42f59f0&trk=jobs_jserp_job_listing_text	Avon, OH, USMore Avon jobs >	Marketing Specialist
76	Schneider Saddlery	https://www.linkedin.com/jobs/view/477032820?trkInfo=searchKeywordString%3AMarketing%2CsearchLocationString%3ACleveland%252C%2BOH%2Cvertical%3Ajobs%2CpageNum%3A1%2Cposition%3A20%2CMSRPsearchId%3A8052e2d1-2b78-4717-8772-77c9b42f59f0&refId=8052e2d1-2b78-4717-8772-77c9b42f59f0&trk=jobs_jserp_job_listing_text	Chagrin Falls, OhioMore Chagrin Falls jobs >	Marketing Manager - Direct Marketing
77	Exit Planning Institute	https://www.linkedin.com/jobs/view/491905344?trkInfo=searchKeywordString%3AMarketing%2CsearchLocationString%3ACleveland%252C%2BOH%2Cvertical%3Ajobs%2CpageNum%3A1%2Cposition%3A12%2CMSRPsearchId%3A8052e2d1-2b78-4717-8772-77c9b42f59f0&refId=8052e2d1-2b78-4717-8772-77c9b42f59f0&trk=jobs_jserp_job_listing_text	Cleveland/Akron, Ohio AreaMore Cleveland jobs >	Marketing Coordinator
78	MeyerDC	https://www.linkedin.com/jobs/view/494380249?trkInfo=searchKeywordString%3AMarketing%2CsearchLocationString%3ACleveland%252C%2BOH%2Cvertical%3Ajobs%2CpageNum%3A1%2Cposition%3A13%2CMSRPsearchId%3A8052e2d1-2b78-4717-8772-77c9b42f59f0&refId=8052e2d1-2b78-4717-8772-77c9b42f59f0&trk=jobs_jserp_job_listing_text	Hudson, OH, USMore Hudson jobs >	Content Marketing Manager
79	LeafFilter Gutter Protection	https://www.linkedin.com/jobs/view/488628937?trkInfo=searchKeywordString%3AMarketing%2CsearchLocationString%3ACleveland%252C%2BOH%2Cvertical%3Ajobs%2CpageNum%3A1%2Cposition%3A17%2CMSRPsearchId%3A8052e2d1-2b78-4717-8772-77c9b42f59f0&refId=8052e2d1-2b78-4717-8772-77c9b42f59f0&trk=jobs_jserp_job_listing_text	Hudson, OhioMore Hudson jobs >	Marketing Automation Specialist
80	Lakeside Events	https://www.linkedin.com/jobs/view/453205993?trkInfo=searchKeywordString%3AMarketing%2CsearchLocationString%3ACleveland%252C%2BOH%2Cvertical%3Ajobs%2CpageNum%3A1%2Cposition%3A18%2CMSRPsearchId%3A8052e2d1-2b78-4717-8772-77c9b42f59f0&refId=8052e2d1-2b78-4717-8772-77c9b42f59f0&trk=jobs_jserp_job_listing_text	Cleveland, OH, USMore Cleveland jobs >	Assistant Brand Manager ( Marketing / Public Relations )
81	ABB	https://www.linkedin.com/jobs/view/456490532?trkInfo=searchKeywordString%3AMarketing%2CsearchLocationString%3ACleveland%252C%2BOH%2Cvertical%3Ajobs%2CpageNum%3A1%2Cposition%3A14%2CMSRPsearchId%3A8052e2d1-2b78-4717-8772-77c9b42f59f0&refId=8052e2d1-2b78-4717-8772-77c9b42f59f0&trk=jobs_jserp_job_listing_text	Cleveland, OH, USMore Cleveland jobs >	Marketing Co-op
82	State Industrial Products	https://www.linkedin.com/jobs/view/488586730?trkInfo=searchKeywordString%3AMarketing%2CsearchLocationString%3ACleveland%252C%2BOH%2Cvertical%3Ajobs%2CpageNum%3A1%2Cposition%3A15%2CMSRPsearchId%3A8052e2d1-2b78-4717-8772-77c9b42f59f0&refId=8052e2d1-2b78-4717-8772-77c9b42f59f0&trk=jobs_jserp_job_listing_text	Cleveland/Akron, Ohio AreaMore Cleveland jobs >	Marketing Analyst
83	Marcus & Millichap	https://www.linkedin.com/jobs/view/442083915?trkInfo=searchKeywordString%3AMarketing%2CsearchLocationString%3ACleveland%252C%2BOH%2Cvertical%3Ajobs%2CpageNum%3A1%2Cposition%3A16%2CMSRPsearchId%3A8052e2d1-2b78-4717-8772-77c9b42f59f0&refId=8052e2d1-2b78-4717-8772-77c9b42f59f0&trk=jobs_jserp_job_listing_text	Cleveland, OhioMore Cleveland jobs >	Marketing Coordinator
84	PROGRESSIVE CASUALTY INSURANCE CO	https://www.linkedin.com/jobs/view/493732923?trkInfo=searchKeywordString%3AMarketing%2CsearchLocationString%3ACleveland%252C%2BOH%2Cvertical%3Ajobs%2CpageNum%3A1%2Cposition%3A8%2CMSRPsearchId%3A8052e2d1-2b78-4717-8772-77c9b42f59f0&refId=8052e2d1-2b78-4717-8772-77c9b42f59f0&trk=jobs_jserp_job_listing_text	Mayfield, OH, USMore Cleveland jobs >	Marketing Process Analyst Senior to Marketing Process Analyst Lead
85	Summit Retail Solutions Inc.	https://www.linkedin.com/jobs/view/490120109?trkInfo=searchKeywordString%3AMarketing%2CsearchLocationString%3ACleveland%252C%2BOH%2Cvertical%3Ajobs%2CpageNum%3A1%2Cposition%3A9%2CMSRPsearchId%3A8052e2d1-2b78-4717-8772-77c9b42f59f0&refId=8052e2d1-2b78-4717-8772-77c9b42f59f0&trk=jobs_jserp_job_listing_text	Brunswick, OH, USMore Brunswick jobs >	Event Marketing Assistant - Marketing, Promotions & Public Relations
86	TPC Wire & Cable Corp.	https://www.linkedin.com/jobs/view/490114830?trkInfo=searchKeywordString%3AMarketing%2CsearchLocationString%3ACleveland%252C%2BOH%2Cvertical%3Ajobs%2CpageNum%3A1%2Cposition%3A10%2CMSRPsearchId%3A8052e2d1-2b78-4717-8772-77c9b42f59f0&refId=8052e2d1-2b78-4717-8772-77c9b42f59f0&trk=jobs_jserp_job_listing_text	Macedonia, OH, USMore Macedonia jobs >	Marketing Communications Specialist
87	Forest City Consulting Inc	https://www.linkedin.com/jobs/view/407293120?trkInfo=searchKeywordString%3AMarketing%2CsearchLocationString%3ACleveland%252C%2BOH%2Cvertical%3Ajobs%2CpageNum%3A1%2Cposition%3A11%2CMSRPsearchId%3A8052e2d1-2b78-4717-8772-77c9b42f59f0&refId=8052e2d1-2b78-4717-8772-77c9b42f59f0&trk=jobs_jserp_job_listing_text	Cleveland/Akron, Ohio AreaMore Cleveland jobs >	Entry Level Business Consultant | Marketing Account Executive
88	Safeguard Properties	https://www.linkedin.com/jobs/view/489684977?trkInfo=searchKeywordString%3AMarketing%2CsearchLocationString%3ACleveland%252C%2BOH%2Cvertical%3Ajobs%2CpageNum%3A1%2Cposition%3A5%2CMSRPsearchId%3A8052e2d1-2b78-4717-8772-77c9b42f59f0&refId=8052e2d1-2b78-4717-8772-77c9b42f59f0&trk=jobs_jserp_job_listing_text	Cleveland/Akron, Ohio AreaMore Cleveland jobs >	Marketing Specialist
89	Hunter International Recruiting	https://www.linkedin.com/jobs/view/435442901?trkInfo=searchKeywordString%3AMarketing%2CsearchLocationString%3ACleveland%252C%2BOH%2Cvertical%3Ajobs%2CpageNum%3A1%2Cposition%3A6%2CMSRPsearchId%3A8052e2d1-2b78-4717-8772-77c9b42f59f0&refId=8052e2d1-2b78-4717-8772-77c9b42f59f0&trk=jobs_jserp_job_listing_text	Avon, OhioMore Avon jobs >	Product Marketing Specialist
90	i.e. Marketing Group	https://www.linkedin.com/jobs/view/494868967?trkInfo=searchKeywordString%3AMarketing%2CsearchLocationString%3ACleveland%252C%2BOH%2Cvertical%3Ajobs%2CpageNum%3A1%2Cposition%3A7%2CMSRPsearchId%3A8052e2d1-2b78-4717-8772-77c9b42f59f0&refId=8052e2d1-2b78-4717-8772-77c9b42f59f0&trk=jobs_jserp_job_listing_text	Lakewood, OH, USMore Lakewood jobs >	Sports Marketing - Marketing Coordinator - Entry Level
91	Brandmuscle	https://www.linkedin.com/jobs/view/483856074?trkInfo=searchKeywordString%3AMarketing%2CsearchLocationString%3ACleveland%252C%2BOH%2Cvertical%3Ajobs%2CpageNum%3A1%2Cposition%3A24%2CMSRPsearchId%3A8052e2d1-2b78-4717-8772-77c9b42f59f0&refId=8052e2d1-2b78-4717-8772-77c9b42f59f0&trk=jobs_jserp_job_listing_text	Cleveland, OhioMore Cleveland jobs >	Marketing Coordinator - Events & Media
92	The DMA	https://www.linkedin.com/jobs/view/493684959?trkInfo=searchKeywordString%3AMarketing%2CsearchLocationString%3ACleveland%252C%2BOH%2Cvertical%3Ajobs%2CpageNum%3A1%2Cposition%3A25%2CMSRPsearchId%3A8052e2d1-2b78-4717-8772-77c9b42f59f0&refId=8052e2d1-2b78-4717-8772-77c9b42f59f0&trk=jobs_jserp_job_listing_text	Mayfield Heights, OH, USMore Cleveland jobs >	Marketing Manager
93	Kharismatic Solutions, Inc.	https://www.linkedin.com/jobs/view/453207991?trkInfo=searchKeywordString%3AMarketing%2CsearchLocationString%3ACleveland%252C%2BOH%2Cvertical%3Ajobs%2CpageNum%3A1%2Cposition%3A21%2CMSRPsearchId%3A8052e2d1-2b78-4717-8772-77c9b42f59f0&refId=8052e2d1-2b78-4717-8772-77c9b42f59f0&trk=jobs_jserp_job_listing_text	Independence, OH, USMore Independence jobs >	Sports Minded Entry Level Marketing And Advertising Associate
94	Score Marketing, Inc	https://www.linkedin.com/jobs/view/484971924?trkInfo=searchKeywordString%3AMarketing%2CsearchLocationString%3ACleveland%252C%2BOH%2Cvertical%3Ajobs%2CpageNum%3A1%2Cposition%3A22%2CMSRPsearchId%3A8052e2d1-2b78-4717-8772-77c9b42f59f0&refId=8052e2d1-2b78-4717-8772-77c9b42f59f0&trk=jobs_jserp_job_listing_text	Cleveland/Akron, Ohio AreaMore Cleveland jobs >	Entry Level Management/Marketing - College Grads Welcomed
95	Bendix Commercial Vehicles Systems LLC	https://www.linkedin.com/jobs/view/493816052?trkInfo=searchKeywordString%3AMarketing%2CsearchLocationString%3ACleveland%252C%2BOH%2Cvertical%3Ajobs%2CpageNum%3A1%2Cposition%3A23%2CMSRPsearchId%3A8052e2d1-2b78-4717-8772-77c9b42f59f0&refId=8052e2d1-2b78-4717-8772-77c9b42f59f0&trk=jobs_jserp_job_listing_text	Elyria, OH, USMore Elyria jobs >	Marketing Coop Spring
96	G.O.C., S/A	https://www.linkedin.com/jobs/view/491776068?trkInfo=searchKeywordString%3AMarketing%2CsearchLocationString%3ACleveland%252C%2BOH%2Cvertical%3Ajobs%2CpageNum%3A1%2Cposition%3A1%2CMSRPsearchId%3A8052e2d1-2b78-4717-8772-77c9b42f59f0&refId=8052e2d1-2b78-4717-8772-77c9b42f59f0&trk=jobs_jserp_job_listing_text	Brecksville, OH, USMore Brecksville jobs >	Marketing and Graphic Internship
97	Fathom Marketing	https://www.linkedin.com/jobs/view/491719685?trkInfo=searchKeywordString%3AMarketing%2CsearchLocationString%3ACleveland%252C%2BOH%2Cvertical%3Ajobs%2CpageNum%3A1%2Cposition%3A2%2CMSRPsearchId%3A8052e2d1-2b78-4717-8772-77c9b42f59f0&refId=8052e2d1-2b78-4717-8772-77c9b42f59f0&trk=jobs_jserp_job_listing_text	Cleveland/Akron, Ohio AreaMore Cleveland jobs >	Marketing Automation Strategist
98	Kichler Lighting	https://www.linkedin.com/jobs/view/493680541?trkInfo=searchKeywordString%3AMarketing%2CsearchLocationString%3ACleveland%252C%2BOH%2Cvertical%3Ajobs%2CpageNum%3A1%2Cposition%3A3%2CMSRPsearchId%3A8052e2d1-2b78-4717-8772-77c9b42f59f0&refId=8052e2d1-2b78-4717-8772-77c9b42f59f0&trk=jobs_jserp_job_listing_text	Independence, OH, USMore Independence jobs >	Marketing Communications Specialist
99	industrial	https://www.linkedin.com/jobs/view/494008864?trkInfo=searchKeywordString%3AMarketing%2CsearchLocationString%3ACleveland%252C%2BOH%2Cvertical%3Ajobs%2CpageNum%3A1%2Cposition%3A4%2CMSRPsearchId%3A8052e2d1-2b78-4717-8772-77c9b42f59f0&refId=8052e2d1-2b78-4717-8772-77c9b42f59f0&trk=jobs_jserp_job_listing_text	Mayfield Heights, OH, USMore Cleveland jobs >	Marketing Analyst
100	Exit Planning Institute	https://www.linkedin.com/jobs/view/491905344?trkInfo=searchKeywordString%3AMarketing%2CsearchLocationString%3ACleveland%252C%2BOH%2Cvertical%3Ajobs%2CpageNum%3A1%2Cposition%3A12%2CMSRPsearchId%3A9c067a00-e355-4128-9b27-e3bcb9c05300&refId=9c067a00-e355-4128-9b27-e3bcb9c05300&trk=jobs_jserp_job_listing_text	Cleveland/Akron, Ohio AreaMore Cleveland jobs >	Marketing Coordinator
101	MeyerDC	https://www.linkedin.com/jobs/view/494380249?trkInfo=searchKeywordString%3AMarketing%2CsearchLocationString%3ACleveland%252C%2BOH%2Cvertical%3Ajobs%2CpageNum%3A1%2Cposition%3A13%2CMSRPsearchId%3A9c067a00-e355-4128-9b27-e3bcb9c05300&refId=9c067a00-e355-4128-9b27-e3bcb9c05300&trk=jobs_jserp_job_listing_text	Hudson, OH, USMore Hudson jobs >	Content Marketing Manager
102	ABB	https://www.linkedin.com/jobs/view/456490532?trkInfo=searchKeywordString%3AMarketing%2CsearchLocationString%3ACleveland%252C%2BOH%2Cvertical%3Ajobs%2CpageNum%3A1%2Cposition%3A14%2CMSRPsearchId%3A9c067a00-e355-4128-9b27-e3bcb9c05300&refId=9c067a00-e355-4128-9b27-e3bcb9c05300&trk=jobs_jserp_job_listing_text	Cleveland, OH, USMore Cleveland jobs >	Marketing Co-op
103	State Industrial Products	https://www.linkedin.com/jobs/view/488586730?trkInfo=searchKeywordString%3AMarketing%2CsearchLocationString%3ACleveland%252C%2BOH%2Cvertical%3Ajobs%2CpageNum%3A1%2Cposition%3A15%2CMSRPsearchId%3A9c067a00-e355-4128-9b27-e3bcb9c05300&refId=9c067a00-e355-4128-9b27-e3bcb9c05300&trk=jobs_jserp_job_listing_text	Cleveland/Akron, Ohio AreaMore Cleveland jobs >	Marketing Analyst
104	Marcus & Millichap	https://www.linkedin.com/jobs/view/442083915?trkInfo=searchKeywordString%3AMarketing%2CsearchLocationString%3ACleveland%252C%2BOH%2Cvertical%3Ajobs%2CpageNum%3A1%2Cposition%3A16%2CMSRPsearchId%3A9c067a00-e355-4128-9b27-e3bcb9c05300&refId=9c067a00-e355-4128-9b27-e3bcb9c05300&trk=jobs_jserp_job_listing_text	Cleveland, OhioMore Cleveland jobs >	Marketing Coordinator
105	LeafFilter Gutter Protection	https://www.linkedin.com/jobs/view/488628937?trkInfo=searchKeywordString%3AMarketing%2CsearchLocationString%3ACleveland%252C%2BOH%2Cvertical%3Ajobs%2CpageNum%3A1%2Cposition%3A17%2CMSRPsearchId%3A9c067a00-e355-4128-9b27-e3bcb9c05300&refId=9c067a00-e355-4128-9b27-e3bcb9c05300&trk=jobs_jserp_job_listing_text	Hudson, OhioMore Hudson jobs >	Marketing Automation Specialist
106	Lakeside Events	https://www.linkedin.com/jobs/view/453205993?trkInfo=searchKeywordString%3AMarketing%2CsearchLocationString%3ACleveland%252C%2BOH%2Cvertical%3Ajobs%2CpageNum%3A1%2Cposition%3A18%2CMSRPsearchId%3A9c067a00-e355-4128-9b27-e3bcb9c05300&refId=9c067a00-e355-4128-9b27-e3bcb9c05300&trk=jobs_jserp_job_listing_text	Cleveland, OH, USMore Cleveland jobs >	Assistant Brand Manager ( Marketing / Public Relations )
107	The Job Network	https://www.linkedin.com/jobs/view/449661608?trkInfo=searchKeywordString%3AMarketing%2CsearchLocationString%3ACleveland%252C%2BOH%2Cvertical%3Ajobs%2CpageNum%3A1%2Cposition%3A19%2CMSRPsearchId%3A9c067a00-e355-4128-9b27-e3bcb9c05300&refId=9c067a00-e355-4128-9b27-e3bcb9c05300&trk=jobs_jserp_job_listing_text	Avon, OH, USMore Avon jobs >	Marketing Specialist
108	Schneider Saddlery	https://www.linkedin.com/jobs/view/477032820?trkInfo=searchKeywordString%3AMarketing%2CsearchLocationString%3ACleveland%252C%2BOH%2Cvertical%3Ajobs%2CpageNum%3A1%2Cposition%3A20%2CMSRPsearchId%3A9c067a00-e355-4128-9b27-e3bcb9c05300&refId=9c067a00-e355-4128-9b27-e3bcb9c05300&trk=jobs_jserp_job_listing_text	Chagrin Falls, OhioMore Chagrin Falls jobs >	Marketing Manager - Direct Marketing
109	Kharismatic Solutions, Inc.	https://www.linkedin.com/jobs/view/453207991?trkInfo=searchKeywordString%3AMarketing%2CsearchLocationString%3ACleveland%252C%2BOH%2Cvertical%3Ajobs%2CpageNum%3A1%2Cposition%3A21%2CMSRPsearchId%3A9c067a00-e355-4128-9b27-e3bcb9c05300&refId=9c067a00-e355-4128-9b27-e3bcb9c05300&trk=jobs_jserp_job_listing_text	Independence, OH, USMore Independence jobs >	Sports Minded Entry Level Marketing And Advertising Associate
110	Score Marketing, Inc	https://www.linkedin.com/jobs/view/484971924?trkInfo=searchKeywordString%3AMarketing%2CsearchLocationString%3ACleveland%252C%2BOH%2Cvertical%3Ajobs%2CpageNum%3A1%2Cposition%3A22%2CMSRPsearchId%3A9c067a00-e355-4128-9b27-e3bcb9c05300&refId=9c067a00-e355-4128-9b27-e3bcb9c05300&trk=jobs_jserp_job_listing_text	Cleveland/Akron, Ohio AreaMore Cleveland jobs >	Entry Level Management/Marketing - College Grads Welcomed
111	Bendix Commercial Vehicles Systems LLC	https://www.linkedin.com/jobs/view/493816052?trkInfo=searchKeywordString%3AMarketing%2CsearchLocationString%3ACleveland%252C%2BOH%2Cvertical%3Ajobs%2CpageNum%3A1%2Cposition%3A23%2CMSRPsearchId%3A9c067a00-e355-4128-9b27-e3bcb9c05300&refId=9c067a00-e355-4128-9b27-e3bcb9c05300&trk=jobs_jserp_job_listing_text	Elyria, OH, USMore Elyria jobs >	Marketing Coop Spring
112	Brandmuscle	https://www.linkedin.com/jobs/view/483856074?trkInfo=searchKeywordString%3AMarketing%2CsearchLocationString%3ACleveland%252C%2BOH%2Cvertical%3Ajobs%2CpageNum%3A1%2Cposition%3A24%2CMSRPsearchId%3A9c067a00-e355-4128-9b27-e3bcb9c05300&refId=9c067a00-e355-4128-9b27-e3bcb9c05300&trk=jobs_jserp_job_listing_text	Cleveland, OhioMore Cleveland jobs >	Marketing Coordinator - Events & Media
113	The DMA	https://www.linkedin.com/jobs/view/493684959?trkInfo=searchKeywordString%3AMarketing%2CsearchLocationString%3ACleveland%252C%2BOH%2Cvertical%3Ajobs%2CpageNum%3A1%2Cposition%3A25%2CMSRPsearchId%3A9c067a00-e355-4128-9b27-e3bcb9c05300&refId=9c067a00-e355-4128-9b27-e3bcb9c05300&trk=jobs_jserp_job_listing_text	Mayfield Heights, OH, USMore Cleveland jobs >	Marketing Manager
114	TPC Wire & Cable Corp.	https://www.linkedin.com/jobs/view/490114830?trkInfo=searchKeywordString%3AMarketing%2CsearchLocationString%3ACleveland%252C%2BOH%2Cvertical%3Ajobs%2CpageNum%3A1%2Cposition%3A10%2CMSRPsearchId%3A9c067a00-e355-4128-9b27-e3bcb9c05300&refId=9c067a00-e355-4128-9b27-e3bcb9c05300&trk=jobs_jserp_job_listing_text	Macedonia, OH, USMore Macedonia jobs >	Marketing Communications Specialist
115	Forest City Consulting Inc	https://www.linkedin.com/jobs/view/407293120?trkInfo=searchKeywordString%3AMarketing%2CsearchLocationString%3ACleveland%252C%2BOH%2Cvertical%3Ajobs%2CpageNum%3A1%2Cposition%3A11%2CMSRPsearchId%3A9c067a00-e355-4128-9b27-e3bcb9c05300&refId=9c067a00-e355-4128-9b27-e3bcb9c05300&trk=jobs_jserp_job_listing_text	Cleveland/Akron, Ohio AreaMore Cleveland jobs >	Entry Level Business Consultant | Marketing Account Executive
116	G.O.C., S/A	https://www.linkedin.com/jobs/view/491776068?trkInfo=searchKeywordString%3AMarketing%2CsearchLocationString%3ACleveland%252C%2BOH%2Cvertical%3Ajobs%2CpageNum%3A1%2Cposition%3A1%2CMSRPsearchId%3A9c067a00-e355-4128-9b27-e3bcb9c05300&refId=9c067a00-e355-4128-9b27-e3bcb9c05300&trk=jobs_jserp_job_listing_text	Brecksville, OH, USMore Brecksville jobs >	Marketing and Graphic Internship
117	Fathom Marketing	https://www.linkedin.com/jobs/view/491719685?trkInfo=searchKeywordString%3AMarketing%2CsearchLocationString%3ACleveland%252C%2BOH%2Cvertical%3Ajobs%2CpageNum%3A1%2Cposition%3A2%2CMSRPsearchId%3A9c067a00-e355-4128-9b27-e3bcb9c05300&refId=9c067a00-e355-4128-9b27-e3bcb9c05300&trk=jobs_jserp_job_listing_text	Cleveland/Akron, Ohio AreaMore Cleveland jobs >	Marketing Automation Strategist
118	Kichler Lighting	https://www.linkedin.com/jobs/view/493680541?trkInfo=searchKeywordString%3AMarketing%2CsearchLocationString%3ACleveland%252C%2BOH%2Cvertical%3Ajobs%2CpageNum%3A1%2Cposition%3A3%2CMSRPsearchId%3A9c067a00-e355-4128-9b27-e3bcb9c05300&refId=9c067a00-e355-4128-9b27-e3bcb9c05300&trk=jobs_jserp_job_listing_text	Independence, OH, USMore Independence jobs >	Marketing Communications Specialist
119	industrial	https://www.linkedin.com/jobs/view/494008864?trkInfo=searchKeywordString%3AMarketing%2CsearchLocationString%3ACleveland%252C%2BOH%2Cvertical%3Ajobs%2CpageNum%3A1%2Cposition%3A4%2CMSRPsearchId%3A9c067a00-e355-4128-9b27-e3bcb9c05300&refId=9c067a00-e355-4128-9b27-e3bcb9c05300&trk=jobs_jserp_job_listing_text	Mayfield Heights, OH, USMore Cleveland jobs >	Marketing Analyst
120	PROGRESSIVE CASUALTY INSURANCE CO	https://www.linkedin.com/jobs/view/493732923?trkInfo=searchKeywordString%3AMarketing%2CsearchLocationString%3ACleveland%252C%2BOH%2Cvertical%3Ajobs%2CpageNum%3A1%2Cposition%3A8%2CMSRPsearchId%3A9c067a00-e355-4128-9b27-e3bcb9c05300&refId=9c067a00-e355-4128-9b27-e3bcb9c05300&trk=jobs_jserp_job_listing_text	Mayfield, OH, USMore Cleveland jobs >	Marketing Process Analyst Senior to Marketing Process Analyst Lead
121	Summit Retail Solutions Inc.	https://www.linkedin.com/jobs/view/490120109?trkInfo=searchKeywordString%3AMarketing%2CsearchLocationString%3ACleveland%252C%2BOH%2Cvertical%3Ajobs%2CpageNum%3A1%2Cposition%3A9%2CMSRPsearchId%3A9c067a00-e355-4128-9b27-e3bcb9c05300&refId=9c067a00-e355-4128-9b27-e3bcb9c05300&trk=jobs_jserp_job_listing_text	Brunswick, OH, USMore Brunswick jobs >	Event Marketing Assistant - Marketing, Promotions & Public Relations
122	Safeguard Properties	https://www.linkedin.com/jobs/view/489684977?trkInfo=searchKeywordString%3AMarketing%2CsearchLocationString%3ACleveland%252C%2BOH%2Cvertical%3Ajobs%2CpageNum%3A1%2Cposition%3A5%2CMSRPsearchId%3A9c067a00-e355-4128-9b27-e3bcb9c05300&refId=9c067a00-e355-4128-9b27-e3bcb9c05300&trk=jobs_jserp_job_listing_text	Cleveland/Akron, Ohio AreaMore Cleveland jobs >	Marketing Specialist
123	Hunter International Recruiting	https://www.linkedin.com/jobs/view/435442901?trkInfo=searchKeywordString%3AMarketing%2CsearchLocationString%3ACleveland%252C%2BOH%2Cvertical%3Ajobs%2CpageNum%3A1%2Cposition%3A6%2CMSRPsearchId%3A9c067a00-e355-4128-9b27-e3bcb9c05300&refId=9c067a00-e355-4128-9b27-e3bcb9c05300&trk=jobs_jserp_job_listing_text	Avon, OhioMore Avon jobs >	Product Marketing Specialist
124	i.e. Marketing Group	https://www.linkedin.com/jobs/view/494868967?trkInfo=searchKeywordString%3AMarketing%2CsearchLocationString%3ACleveland%252C%2BOH%2Cvertical%3Ajobs%2CpageNum%3A1%2Cposition%3A7%2CMSRPsearchId%3A9c067a00-e355-4128-9b27-e3bcb9c05300&refId=9c067a00-e355-4128-9b27-e3bcb9c05300&trk=jobs_jserp_job_listing_text	Lakewood, OH, USMore Lakewood jobs >	Sports Marketing - Marketing Coordinator - Entry Level
125	G.O.C., S/A	https://www.linkedin.com/jobs/view/491776068?trkInfo=searchKeywordString%3AMarketing%2CsearchLocationString%3ACleveland%252C%2BOH%2Cvertical%3Ajobs%2CpageNum%3A1%2Cposition%3A1%2CMSRPsearchId%3Af7bf5dd1-b7c9-4507-9083-e7f82175b1dd&refId=f7bf5dd1-b7c9-4507-9083-e7f82175b1dd&trk=jobs_jserp_job_listing_text	Brecksville, OH, USMore Brecksville jobs >	Marketing and Graphic Internship
126	Fathom Marketing	https://www.linkedin.com/jobs/view/491719685?trkInfo=searchKeywordString%3AMarketing%2CsearchLocationString%3ACleveland%252C%2BOH%2Cvertical%3Ajobs%2CpageNum%3A1%2Cposition%3A2%2CMSRPsearchId%3Af7bf5dd1-b7c9-4507-9083-e7f82175b1dd&refId=f7bf5dd1-b7c9-4507-9083-e7f82175b1dd&trk=jobs_jserp_job_listing_text	Cleveland/Akron, Ohio AreaMore Cleveland jobs >	Marketing Automation Strategist
127	Kichler Lighting	https://www.linkedin.com/jobs/view/493680541?trkInfo=searchKeywordString%3AMarketing%2CsearchLocationString%3ACleveland%252C%2BOH%2Cvertical%3Ajobs%2CpageNum%3A1%2Cposition%3A3%2CMSRPsearchId%3Af7bf5dd1-b7c9-4507-9083-e7f82175b1dd&refId=f7bf5dd1-b7c9-4507-9083-e7f82175b1dd&trk=jobs_jserp_job_listing_text	Independence, OH, USMore Independence jobs >	Marketing Communications Specialist
128	industrial	https://www.linkedin.com/jobs/view/494008864?trkInfo=searchKeywordString%3AMarketing%2CsearchLocationString%3ACleveland%252C%2BOH%2Cvertical%3Ajobs%2CpageNum%3A1%2Cposition%3A4%2CMSRPsearchId%3Af7bf5dd1-b7c9-4507-9083-e7f82175b1dd&refId=f7bf5dd1-b7c9-4507-9083-e7f82175b1dd&trk=jobs_jserp_job_listing_text	Mayfield Heights, OH, USMore Cleveland jobs >	Marketing Analyst
129	Safeguard Properties	https://www.linkedin.com/jobs/view/489684977?trkInfo=searchKeywordString%3AMarketing%2CsearchLocationString%3ACleveland%252C%2BOH%2Cvertical%3Ajobs%2CpageNum%3A1%2Cposition%3A5%2CMSRPsearchId%3Af7bf5dd1-b7c9-4507-9083-e7f82175b1dd&refId=f7bf5dd1-b7c9-4507-9083-e7f82175b1dd&trk=jobs_jserp_job_listing_text	Cleveland/Akron, Ohio AreaMore Cleveland jobs >	Marketing Specialist
130	Hunter International Recruiting	https://www.linkedin.com/jobs/view/435442901?trkInfo=searchKeywordString%3AMarketing%2CsearchLocationString%3ACleveland%252C%2BOH%2Cvertical%3Ajobs%2CpageNum%3A1%2Cposition%3A6%2CMSRPsearchId%3Af7bf5dd1-b7c9-4507-9083-e7f82175b1dd&refId=f7bf5dd1-b7c9-4507-9083-e7f82175b1dd&trk=jobs_jserp_job_listing_text	Avon, OhioMore Avon jobs >	Product Marketing Specialist
131	i.e. Marketing Group	https://www.linkedin.com/jobs/view/494868967?trkInfo=searchKeywordString%3AMarketing%2CsearchLocationString%3ACleveland%252C%2BOH%2Cvertical%3Ajobs%2CpageNum%3A1%2Cposition%3A7%2CMSRPsearchId%3Af7bf5dd1-b7c9-4507-9083-e7f82175b1dd&refId=f7bf5dd1-b7c9-4507-9083-e7f82175b1dd&trk=jobs_jserp_job_listing_text	Lakewood, OH, USMore Lakewood jobs >	Sports Marketing - Marketing Coordinator - Entry Level
132	PROGRESSIVE CASUALTY INSURANCE CO	https://www.linkedin.com/jobs/view/493732923?trkInfo=searchKeywordString%3AMarketing%2CsearchLocationString%3ACleveland%252C%2BOH%2Cvertical%3Ajobs%2CpageNum%3A1%2Cposition%3A8%2CMSRPsearchId%3Af7bf5dd1-b7c9-4507-9083-e7f82175b1dd&refId=f7bf5dd1-b7c9-4507-9083-e7f82175b1dd&trk=jobs_jserp_job_listing_text	Mayfield, OH, USMore Cleveland jobs >	Marketing Process Analyst Senior to Marketing Process Analyst Lead
133	Summit Retail Solutions Inc.	https://www.linkedin.com/jobs/view/490120109?trkInfo=searchKeywordString%3AMarketing%2CsearchLocationString%3ACleveland%252C%2BOH%2Cvertical%3Ajobs%2CpageNum%3A1%2Cposition%3A9%2CMSRPsearchId%3Af7bf5dd1-b7c9-4507-9083-e7f82175b1dd&refId=f7bf5dd1-b7c9-4507-9083-e7f82175b1dd&trk=jobs_jserp_job_listing_text	Brunswick, OH, USMore Brunswick jobs >	Event Marketing Assistant - Marketing, Promotions & Public Relations
134	TPC Wire & Cable Corp.	https://www.linkedin.com/jobs/view/490114830?trkInfo=searchKeywordString%3AMarketing%2CsearchLocationString%3ACleveland%252C%2BOH%2Cvertical%3Ajobs%2CpageNum%3A1%2Cposition%3A10%2CMSRPsearchId%3Af7bf5dd1-b7c9-4507-9083-e7f82175b1dd&refId=f7bf5dd1-b7c9-4507-9083-e7f82175b1dd&trk=jobs_jserp_job_listing_text	Macedonia, OH, USMore Macedonia jobs >	Marketing Communications Specialist
135	Forest City Consulting Inc	https://www.linkedin.com/jobs/view/407293120?trkInfo=searchKeywordString%3AMarketing%2CsearchLocationString%3ACleveland%252C%2BOH%2Cvertical%3Ajobs%2CpageNum%3A1%2Cposition%3A11%2CMSRPsearchId%3Af7bf5dd1-b7c9-4507-9083-e7f82175b1dd&refId=f7bf5dd1-b7c9-4507-9083-e7f82175b1dd&trk=jobs_jserp_job_listing_text	Cleveland/Akron, Ohio AreaMore Cleveland jobs >	Entry Level Business Consultant | Marketing Account Executive
136	Exit Planning Institute	https://www.linkedin.com/jobs/view/491905344?trkInfo=searchKeywordString%3AMarketing%2CsearchLocationString%3ACleveland%252C%2BOH%2Cvertical%3Ajobs%2CpageNum%3A1%2Cposition%3A12%2CMSRPsearchId%3Af7bf5dd1-b7c9-4507-9083-e7f82175b1dd&refId=f7bf5dd1-b7c9-4507-9083-e7f82175b1dd&trk=jobs_jserp_job_listing_text	Cleveland/Akron, Ohio AreaMore Cleveland jobs >	Marketing Coordinator
137	MeyerDC	https://www.linkedin.com/jobs/view/494380249?trkInfo=searchKeywordString%3AMarketing%2CsearchLocationString%3ACleveland%252C%2BOH%2Cvertical%3Ajobs%2CpageNum%3A1%2Cposition%3A13%2CMSRPsearchId%3Af7bf5dd1-b7c9-4507-9083-e7f82175b1dd&refId=f7bf5dd1-b7c9-4507-9083-e7f82175b1dd&trk=jobs_jserp_job_listing_text	Hudson, OH, USMore Hudson jobs >	Content Marketing Manager
138	ABB	https://www.linkedin.com/jobs/view/456490532?trkInfo=searchKeywordString%3AMarketing%2CsearchLocationString%3ACleveland%252C%2BOH%2Cvertical%3Ajobs%2CpageNum%3A1%2Cposition%3A14%2CMSRPsearchId%3Af7bf5dd1-b7c9-4507-9083-e7f82175b1dd&refId=f7bf5dd1-b7c9-4507-9083-e7f82175b1dd&trk=jobs_jserp_job_listing_text	Cleveland, OH, USMore Cleveland jobs >	Marketing Co-op
139	State Industrial Products	https://www.linkedin.com/jobs/view/488586730?trkInfo=searchKeywordString%3AMarketing%2CsearchLocationString%3ACleveland%252C%2BOH%2Cvertical%3Ajobs%2CpageNum%3A1%2Cposition%3A15%2CMSRPsearchId%3Af7bf5dd1-b7c9-4507-9083-e7f82175b1dd&refId=f7bf5dd1-b7c9-4507-9083-e7f82175b1dd&trk=jobs_jserp_job_listing_text	Cleveland/Akron, Ohio AreaMore Cleveland jobs >	Marketing Analyst
140	Marcus & Millichap	https://www.linkedin.com/jobs/view/442083915?trkInfo=searchKeywordString%3AMarketing%2CsearchLocationString%3ACleveland%252C%2BOH%2Cvertical%3Ajobs%2CpageNum%3A1%2Cposition%3A16%2CMSRPsearchId%3Af7bf5dd1-b7c9-4507-9083-e7f82175b1dd&refId=f7bf5dd1-b7c9-4507-9083-e7f82175b1dd&trk=jobs_jserp_job_listing_text	Cleveland, OhioMore Cleveland jobs >	Marketing Coordinator
141	LeafFilter Gutter Protection	https://www.linkedin.com/jobs/view/488628937?trkInfo=searchKeywordString%3AMarketing%2CsearchLocationString%3ACleveland%252C%2BOH%2Cvertical%3Ajobs%2CpageNum%3A1%2Cposition%3A17%2CMSRPsearchId%3Af7bf5dd1-b7c9-4507-9083-e7f82175b1dd&refId=f7bf5dd1-b7c9-4507-9083-e7f82175b1dd&trk=jobs_jserp_job_listing_text	Hudson, OhioMore Hudson jobs >	Marketing Automation Specialist
142	Lakeside Events	https://www.linkedin.com/jobs/view/453205993?trkInfo=searchKeywordString%3AMarketing%2CsearchLocationString%3ACleveland%252C%2BOH%2Cvertical%3Ajobs%2CpageNum%3A1%2Cposition%3A18%2CMSRPsearchId%3Af7bf5dd1-b7c9-4507-9083-e7f82175b1dd&refId=f7bf5dd1-b7c9-4507-9083-e7f82175b1dd&trk=jobs_jserp_job_listing_text	Cleveland, OH, USMore Cleveland jobs >	Assistant Brand Manager ( Marketing / Public Relations )
143	The Job Network	https://www.linkedin.com/jobs/view/449661608?trkInfo=searchKeywordString%3AMarketing%2CsearchLocationString%3ACleveland%252C%2BOH%2Cvertical%3Ajobs%2CpageNum%3A1%2Cposition%3A19%2CMSRPsearchId%3Af7bf5dd1-b7c9-4507-9083-e7f82175b1dd&refId=f7bf5dd1-b7c9-4507-9083-e7f82175b1dd&trk=jobs_jserp_job_listing_text	Avon, OH, USMore Avon jobs >	Marketing Specialist
144	Schneider Saddlery	https://www.linkedin.com/jobs/view/477032820?trkInfo=searchKeywordString%3AMarketing%2CsearchLocationString%3ACleveland%252C%2BOH%2Cvertical%3Ajobs%2CpageNum%3A1%2Cposition%3A20%2CMSRPsearchId%3Af7bf5dd1-b7c9-4507-9083-e7f82175b1dd&refId=f7bf5dd1-b7c9-4507-9083-e7f82175b1dd&trk=jobs_jserp_job_listing_text	Chagrin Falls, OhioMore Chagrin Falls jobs >	Marketing Manager - Direct Marketing
145	Kharismatic Solutions, Inc.	https://www.linkedin.com/jobs/view/453207991?trkInfo=searchKeywordString%3AMarketing%2CsearchLocationString%3ACleveland%252C%2BOH%2Cvertical%3Ajobs%2CpageNum%3A1%2Cposition%3A21%2CMSRPsearchId%3Af7bf5dd1-b7c9-4507-9083-e7f82175b1dd&refId=f7bf5dd1-b7c9-4507-9083-e7f82175b1dd&trk=jobs_jserp_job_listing_text	Independence, OH, USMore Independence jobs >	Sports Minded Entry Level Marketing And Advertising Associate
146	Score Marketing, Inc	https://www.linkedin.com/jobs/view/484971924?trkInfo=searchKeywordString%3AMarketing%2CsearchLocationString%3ACleveland%252C%2BOH%2Cvertical%3Ajobs%2CpageNum%3A1%2Cposition%3A22%2CMSRPsearchId%3Af7bf5dd1-b7c9-4507-9083-e7f82175b1dd&refId=f7bf5dd1-b7c9-4507-9083-e7f82175b1dd&trk=jobs_jserp_job_listing_text	Cleveland/Akron, Ohio AreaMore Cleveland jobs >	Entry Level Management/Marketing - College Grads Welcomed
147	Bendix Commercial Vehicles Systems LLC	https://www.linkedin.com/jobs/view/493816052?trkInfo=searchKeywordString%3AMarketing%2CsearchLocationString%3ACleveland%252C%2BOH%2Cvertical%3Ajobs%2CpageNum%3A1%2Cposition%3A23%2CMSRPsearchId%3Af7bf5dd1-b7c9-4507-9083-e7f82175b1dd&refId=f7bf5dd1-b7c9-4507-9083-e7f82175b1dd&trk=jobs_jserp_job_listing_text	Elyria, OH, USMore Elyria jobs >	Marketing Coop Spring
148	Brandmuscle	https://www.linkedin.com/jobs/view/483856074?trkInfo=searchKeywordString%3AMarketing%2CsearchLocationString%3ACleveland%252C%2BOH%2Cvertical%3Ajobs%2CpageNum%3A1%2Cposition%3A24%2CMSRPsearchId%3Af7bf5dd1-b7c9-4507-9083-e7f82175b1dd&refId=f7bf5dd1-b7c9-4507-9083-e7f82175b1dd&trk=jobs_jserp_job_listing_text	Cleveland, OhioMore Cleveland jobs >	Marketing Coordinator - Events & Media
149	The DMA	https://www.linkedin.com/jobs/view/493684959?trkInfo=searchKeywordString%3AMarketing%2CsearchLocationString%3ACleveland%252C%2BOH%2Cvertical%3Ajobs%2CpageNum%3A1%2Cposition%3A25%2CMSRPsearchId%3Af7bf5dd1-b7c9-4507-9083-e7f82175b1dd&refId=f7bf5dd1-b7c9-4507-9083-e7f82175b1dd&trk=jobs_jserp_job_listing_text	Mayfield Heights, OH, USMore Cleveland jobs >	Marketing Manager
150	Exit Planning Institute	https://www.linkedin.com/jobs/view/491905344?trkInfo=searchKeywordString%3AMarketing%2CsearchLocationString%3ACleveland%252C%2BOH%2Cvertical%3Ajobs%2CpageNum%3A1%2Cposition%3A12%2CMSRPsearchId%3A4ed035e9-3ba9-4b71-87b5-0668bd3fc098&refId=4ed035e9-3ba9-4b71-87b5-0668bd3fc098&trk=jobs_jserp_job_listing_text	Cleveland/Akron, Ohio AreaMore Cleveland jobs >	Marketing Coordinator
151	MeyerDC	https://www.linkedin.com/jobs/view/494380249?trkInfo=searchKeywordString%3AMarketing%2CsearchLocationString%3ACleveland%252C%2BOH%2Cvertical%3Ajobs%2CpageNum%3A1%2Cposition%3A13%2CMSRPsearchId%3A4ed035e9-3ba9-4b71-87b5-0668bd3fc098&refId=4ed035e9-3ba9-4b71-87b5-0668bd3fc098&trk=jobs_jserp_job_listing_text	Hudson, OH, USMore Hudson jobs >	Content Marketing Manager
152	Summit Retail Solutions Inc.	https://www.linkedin.com/jobs/view/490120109?trkInfo=searchKeywordString%3AMarketing%2CsearchLocationString%3ACleveland%252C%2BOH%2Cvertical%3Ajobs%2CpageNum%3A1%2Cposition%3A9%2CMSRPsearchId%3A4ed035e9-3ba9-4b71-87b5-0668bd3fc098&refId=4ed035e9-3ba9-4b71-87b5-0668bd3fc098&trk=jobs_jserp_job_listing_text	Brunswick, OH, USMore Brunswick jobs >	Event Marketing Assistant - Marketing, Promotions & Public Relations
153	TPC Wire & Cable Corp.	https://www.linkedin.com/jobs/view/490114830?trkInfo=searchKeywordString%3AMarketing%2CsearchLocationString%3ACleveland%252C%2BOH%2Cvertical%3Ajobs%2CpageNum%3A1%2Cposition%3A10%2CMSRPsearchId%3A4ed035e9-3ba9-4b71-87b5-0668bd3fc098&refId=4ed035e9-3ba9-4b71-87b5-0668bd3fc098&trk=jobs_jserp_job_listing_text	Macedonia, OH, USMore Macedonia jobs >	Marketing Communications Specialist
154	Forest City Consulting Inc	https://www.linkedin.com/jobs/view/407293120?trkInfo=searchKeywordString%3AMarketing%2CsearchLocationString%3ACleveland%252C%2BOH%2Cvertical%3Ajobs%2CpageNum%3A1%2Cposition%3A11%2CMSRPsearchId%3A4ed035e9-3ba9-4b71-87b5-0668bd3fc098&refId=4ed035e9-3ba9-4b71-87b5-0668bd3fc098&trk=jobs_jserp_job_listing_text	Cleveland/Akron, Ohio AreaMore Cleveland jobs >	Entry Level Business Consultant | Marketing Account Executive
155	i.e. Marketing Group	https://www.linkedin.com/jobs/view/494868967?trkInfo=searchKeywordString%3AMarketing%2CsearchLocationString%3ACleveland%252C%2BOH%2Cvertical%3Ajobs%2CpageNum%3A1%2Cposition%3A7%2CMSRPsearchId%3A4ed035e9-3ba9-4b71-87b5-0668bd3fc098&refId=4ed035e9-3ba9-4b71-87b5-0668bd3fc098&trk=jobs_jserp_job_listing_text	Lakewood, OH, USMore Lakewood jobs >	Sports Marketing - Marketing Coordinator - Entry Level
156	PROGRESSIVE CASUALTY INSURANCE CO	https://www.linkedin.com/jobs/view/493732923?trkInfo=searchKeywordString%3AMarketing%2CsearchLocationString%3ACleveland%252C%2BOH%2Cvertical%3Ajobs%2CpageNum%3A1%2Cposition%3A8%2CMSRPsearchId%3A4ed035e9-3ba9-4b71-87b5-0668bd3fc098&refId=4ed035e9-3ba9-4b71-87b5-0668bd3fc098&trk=jobs_jserp_job_listing_text	Mayfield, OH, USMore Cleveland jobs >	Marketing Process Analyst Senior to Marketing Process Analyst Lead
157	industrial	https://www.linkedin.com/jobs/view/494008864?trkInfo=searchKeywordString%3AMarketing%2CsearchLocationString%3ACleveland%252C%2BOH%2Cvertical%3Ajobs%2CpageNum%3A1%2Cposition%3A4%2CMSRPsearchId%3A4ed035e9-3ba9-4b71-87b5-0668bd3fc098&refId=4ed035e9-3ba9-4b71-87b5-0668bd3fc098&trk=jobs_jserp_job_listing_text	Mayfield Heights, OH, USMore Cleveland jobs >	Marketing Analyst
158	Safeguard Properties	https://www.linkedin.com/jobs/view/489684977?trkInfo=searchKeywordString%3AMarketing%2CsearchLocationString%3ACleveland%252C%2BOH%2Cvertical%3Ajobs%2CpageNum%3A1%2Cposition%3A5%2CMSRPsearchId%3A4ed035e9-3ba9-4b71-87b5-0668bd3fc098&refId=4ed035e9-3ba9-4b71-87b5-0668bd3fc098&trk=jobs_jserp_job_listing_text	Cleveland/Akron, Ohio AreaMore Cleveland jobs >	Marketing Specialist
159	Hunter International Recruiting	https://www.linkedin.com/jobs/view/435442901?trkInfo=searchKeywordString%3AMarketing%2CsearchLocationString%3ACleveland%252C%2BOH%2Cvertical%3Ajobs%2CpageNum%3A1%2Cposition%3A6%2CMSRPsearchId%3A4ed035e9-3ba9-4b71-87b5-0668bd3fc098&refId=4ed035e9-3ba9-4b71-87b5-0668bd3fc098&trk=jobs_jserp_job_listing_text	Avon, OhioMore Avon jobs >	Product Marketing Specialist
160	G.O.C., S/A	https://www.linkedin.com/jobs/view/491776068?trkInfo=searchKeywordString%3AMarketing%2CsearchLocationString%3ACleveland%252C%2BOH%2Cvertical%3Ajobs%2CpageNum%3A1%2Cposition%3A1%2CMSRPsearchId%3A4ed035e9-3ba9-4b71-87b5-0668bd3fc098&refId=4ed035e9-3ba9-4b71-87b5-0668bd3fc098&trk=jobs_jserp_job_listing_text	Brecksville, OH, USMore Brecksville jobs >	Marketing and Graphic Internship
161	Fathom Marketing	https://www.linkedin.com/jobs/view/491719685?trkInfo=searchKeywordString%3AMarketing%2CsearchLocationString%3ACleveland%252C%2BOH%2Cvertical%3Ajobs%2CpageNum%3A1%2Cposition%3A2%2CMSRPsearchId%3A4ed035e9-3ba9-4b71-87b5-0668bd3fc098&refId=4ed035e9-3ba9-4b71-87b5-0668bd3fc098&trk=jobs_jserp_job_listing_text	Cleveland/Akron, Ohio AreaMore Cleveland jobs >	Marketing Automation Strategist
162	Kichler Lighting	https://www.linkedin.com/jobs/view/493680541?trkInfo=searchKeywordString%3AMarketing%2CsearchLocationString%3ACleveland%252C%2BOH%2Cvertical%3Ajobs%2CpageNum%3A1%2Cposition%3A3%2CMSRPsearchId%3A4ed035e9-3ba9-4b71-87b5-0668bd3fc098&refId=4ed035e9-3ba9-4b71-87b5-0668bd3fc098&trk=jobs_jserp_job_listing_text	Independence, OH, USMore Independence jobs >	Marketing Communications Specialist
163	The DMA	https://www.linkedin.com/jobs/view/493684959?trkInfo=searchKeywordString%3AMarketing%2CsearchLocationString%3ACleveland%252C%2BOH%2Cvertical%3Ajobs%2CpageNum%3A1%2Cposition%3A25%2CMSRPsearchId%3A4ed035e9-3ba9-4b71-87b5-0668bd3fc098&refId=4ed035e9-3ba9-4b71-87b5-0668bd3fc098&trk=jobs_jserp_job_listing_text	Mayfield Heights, OH, USMore Cleveland jobs >	Marketing Manager
164	Bendix Commercial Vehicles Systems LLC	https://www.linkedin.com/jobs/view/493816052?trkInfo=searchKeywordString%3AMarketing%2CsearchLocationString%3ACleveland%252C%2BOH%2Cvertical%3Ajobs%2CpageNum%3A1%2Cposition%3A23%2CMSRPsearchId%3A4ed035e9-3ba9-4b71-87b5-0668bd3fc098&refId=4ed035e9-3ba9-4b71-87b5-0668bd3fc098&trk=jobs_jserp_job_listing_text	Elyria, OH, USMore Elyria jobs >	Marketing Coop Spring
165	Brandmuscle	https://www.linkedin.com/jobs/view/483856074?trkInfo=searchKeywordString%3AMarketing%2CsearchLocationString%3ACleveland%252C%2BOH%2Cvertical%3Ajobs%2CpageNum%3A1%2Cposition%3A24%2CMSRPsearchId%3A4ed035e9-3ba9-4b71-87b5-0668bd3fc098&refId=4ed035e9-3ba9-4b71-87b5-0668bd3fc098&trk=jobs_jserp_job_listing_text	Cleveland, OhioMore Cleveland jobs >	Marketing Coordinator - Events & Media
166	ABB	https://www.linkedin.com/jobs/view/456490532?trkInfo=searchKeywordString%3AMarketing%2CsearchLocationString%3ACleveland%252C%2BOH%2Cvertical%3Ajobs%2CpageNum%3A1%2Cposition%3A14%2CMSRPsearchId%3A4ed035e9-3ba9-4b71-87b5-0668bd3fc098&refId=4ed035e9-3ba9-4b71-87b5-0668bd3fc098&trk=jobs_jserp_job_listing_text	Cleveland, OH, USMore Cleveland jobs >	Marketing Co-op
167	State Industrial Products	https://www.linkedin.com/jobs/view/488586730?trkInfo=searchKeywordString%3AMarketing%2CsearchLocationString%3ACleveland%252C%2BOH%2Cvertical%3Ajobs%2CpageNum%3A1%2Cposition%3A15%2CMSRPsearchId%3A4ed035e9-3ba9-4b71-87b5-0668bd3fc098&refId=4ed035e9-3ba9-4b71-87b5-0668bd3fc098&trk=jobs_jserp_job_listing_text	Cleveland/Akron, Ohio AreaMore Cleveland jobs >	Marketing Analyst
168	Marcus & Millichap	https://www.linkedin.com/jobs/view/442083915?trkInfo=searchKeywordString%3AMarketing%2CsearchLocationString%3ACleveland%252C%2BOH%2Cvertical%3Ajobs%2CpageNum%3A1%2Cposition%3A16%2CMSRPsearchId%3A4ed035e9-3ba9-4b71-87b5-0668bd3fc098&refId=4ed035e9-3ba9-4b71-87b5-0668bd3fc098&trk=jobs_jserp_job_listing_text	Cleveland, OhioMore Cleveland jobs >	Marketing Coordinator
169	LeafFilter Gutter Protection	https://www.linkedin.com/jobs/view/488628937?trkInfo=searchKeywordString%3AMarketing%2CsearchLocationString%3ACleveland%252C%2BOH%2Cvertical%3Ajobs%2CpageNum%3A1%2Cposition%3A17%2CMSRPsearchId%3A4ed035e9-3ba9-4b71-87b5-0668bd3fc098&refId=4ed035e9-3ba9-4b71-87b5-0668bd3fc098&trk=jobs_jserp_job_listing_text	Hudson, OhioMore Hudson jobs >	Marketing Automation Specialist
170	Lakeside Events	https://www.linkedin.com/jobs/view/453205993?trkInfo=searchKeywordString%3AMarketing%2CsearchLocationString%3ACleveland%252C%2BOH%2Cvertical%3Ajobs%2CpageNum%3A1%2Cposition%3A18%2CMSRPsearchId%3A4ed035e9-3ba9-4b71-87b5-0668bd3fc098&refId=4ed035e9-3ba9-4b71-87b5-0668bd3fc098&trk=jobs_jserp_job_listing_text	Cleveland, OH, USMore Cleveland jobs >	Assistant Brand Manager ( Marketing / Public Relations )
171	The Job Network	https://www.linkedin.com/jobs/view/449661608?trkInfo=searchKeywordString%3AMarketing%2CsearchLocationString%3ACleveland%252C%2BOH%2Cvertical%3Ajobs%2CpageNum%3A1%2Cposition%3A19%2CMSRPsearchId%3A4ed035e9-3ba9-4b71-87b5-0668bd3fc098&refId=4ed035e9-3ba9-4b71-87b5-0668bd3fc098&trk=jobs_jserp_job_listing_text	Avon, OH, USMore Avon jobs >	Marketing Specialist
172	Schneider Saddlery	https://www.linkedin.com/jobs/view/477032820?trkInfo=searchKeywordString%3AMarketing%2CsearchLocationString%3ACleveland%252C%2BOH%2Cvertical%3Ajobs%2CpageNum%3A1%2Cposition%3A20%2CMSRPsearchId%3A4ed035e9-3ba9-4b71-87b5-0668bd3fc098&refId=4ed035e9-3ba9-4b71-87b5-0668bd3fc098&trk=jobs_jserp_job_listing_text	Chagrin Falls, OhioMore Chagrin Falls jobs >	Marketing Manager - Direct Marketing
173	Kharismatic Solutions, Inc.	https://www.linkedin.com/jobs/view/453207991?trkInfo=searchKeywordString%3AMarketing%2CsearchLocationString%3ACleveland%252C%2BOH%2Cvertical%3Ajobs%2CpageNum%3A1%2Cposition%3A21%2CMSRPsearchId%3A4ed035e9-3ba9-4b71-87b5-0668bd3fc098&refId=4ed035e9-3ba9-4b71-87b5-0668bd3fc098&trk=jobs_jserp_job_listing_text	Independence, OH, USMore Independence jobs >	Sports Minded Entry Level Marketing And Advertising Associate
174	Score Marketing, Inc	https://www.linkedin.com/jobs/view/484971924?trkInfo=searchKeywordString%3AMarketing%2CsearchLocationString%3ACleveland%252C%2BOH%2Cvertical%3Ajobs%2CpageNum%3A1%2Cposition%3A22%2CMSRPsearchId%3A4ed035e9-3ba9-4b71-87b5-0668bd3fc098&refId=4ed035e9-3ba9-4b71-87b5-0668bd3fc098&trk=jobs_jserp_job_listing_text	Cleveland/Akron, Ohio AreaMore Cleveland jobs >	Entry Level Management/Marketing - College Grads Welcomed
175	Operation Smile	https://www.linkedin.com/jobs/view/489635070?trkInfo=searchKeywordString%3AMarketing%2CsearchLocationString%3ACleveland%252C%2BOH%2Cvertical%3Ajobs%2CpageNum%3A1%2Cposition%3A25%2CMSRPsearchId%3Af32c2175-ce9a-4fa2-854b-6374b92c9a50&refId=f32c2175-ce9a-4fa2-854b-6374b92c9a50&trk=jobs_jserp_job_listing_text	Cleveland, OH, USMore Cleveland jobs >	Digital Marketing Specialist, Email Communication
176	Brandmuscle	https://www.linkedin.com/jobs/view/483856074?trkInfo=searchKeywordString%3AMarketing%2CsearchLocationString%3ACleveland%252C%2BOH%2Cvertical%3Ajobs%2CpageNum%3A1%2Cposition%3A23%2CMSRPsearchId%3Af32c2175-ce9a-4fa2-854b-6374b92c9a50&refId=f32c2175-ce9a-4fa2-854b-6374b92c9a50&trk=jobs_jserp_job_listing_text	Cleveland, OhioMore Cleveland jobs >	Marketing Coordinator - Events & Media
177	The DMA	https://www.linkedin.com/jobs/view/493684959?trkInfo=searchKeywordString%3AMarketing%2CsearchLocationString%3ACleveland%252C%2BOH%2Cvertical%3Ajobs%2CpageNum%3A1%2Cposition%3A24%2CMSRPsearchId%3Af32c2175-ce9a-4fa2-854b-6374b92c9a50&refId=f32c2175-ce9a-4fa2-854b-6374b92c9a50&trk=jobs_jserp_job_listing_text	Mayfield Heights, OH, USMore Cleveland jobs >	Marketing Manager
178	Kharismatic Solutions, Inc.	https://www.linkedin.com/jobs/view/453207991?trkInfo=searchKeywordString%3AMarketing%2CsearchLocationString%3ACleveland%252C%2BOH%2Cvertical%3Ajobs%2CpageNum%3A1%2Cposition%3A21%2CMSRPsearchId%3Af32c2175-ce9a-4fa2-854b-6374b92c9a50&refId=f32c2175-ce9a-4fa2-854b-6374b92c9a50&trk=jobs_jserp_job_listing_text	Independence, OH, USMore Independence jobs >	Sports Minded Entry Level Marketing And Advertising Associate
179	Score Marketing, Inc	https://www.linkedin.com/jobs/view/484971924?trkInfo=searchKeywordString%3AMarketing%2CsearchLocationString%3ACleveland%252C%2BOH%2Cvertical%3Ajobs%2CpageNum%3A1%2Cposition%3A22%2CMSRPsearchId%3Af32c2175-ce9a-4fa2-854b-6374b92c9a50&refId=f32c2175-ce9a-4fa2-854b-6374b92c9a50&trk=jobs_jserp_job_listing_text	Cleveland/Akron, Ohio AreaMore Cleveland jobs >	Entry Level Management/Marketing - College Grads Welcomed
180	Summit Retail Solutions Inc.	https://www.linkedin.com/jobs/view/490120109?trkInfo=searchKeywordString%3AMarketing%2CsearchLocationString%3ACleveland%252C%2BOH%2Cvertical%3Ajobs%2CpageNum%3A1%2Cposition%3A9%2CMSRPsearchId%3Af32c2175-ce9a-4fa2-854b-6374b92c9a50&refId=f32c2175-ce9a-4fa2-854b-6374b92c9a50&trk=jobs_jserp_job_listing_text	Brunswick, OH, USMore Brunswick jobs >	Event Marketing Assistant - Marketing, Promotions & Public Relations
181	TPC Wire & Cable Corp.	https://www.linkedin.com/jobs/view/490114830?trkInfo=searchKeywordString%3AMarketing%2CsearchLocationString%3ACleveland%252C%2BOH%2Cvertical%3Ajobs%2CpageNum%3A1%2Cposition%3A10%2CMSRPsearchId%3Af32c2175-ce9a-4fa2-854b-6374b92c9a50&refId=f32c2175-ce9a-4fa2-854b-6374b92c9a50&trk=jobs_jserp_job_listing_text	Macedonia, OH, USMore Macedonia jobs >	Marketing Communications Specialist
182	Forest City Consulting Inc	https://www.linkedin.com/jobs/view/407293120?trkInfo=searchKeywordString%3AMarketing%2CsearchLocationString%3ACleveland%252C%2BOH%2Cvertical%3Ajobs%2CpageNum%3A1%2Cposition%3A11%2CMSRPsearchId%3Af32c2175-ce9a-4fa2-854b-6374b92c9a50&refId=f32c2175-ce9a-4fa2-854b-6374b92c9a50&trk=jobs_jserp_job_listing_text	Cleveland/Akron, Ohio AreaMore Cleveland jobs >	Entry Level Business Consultant | Marketing Account Executive
183	Exit Planning Institute	https://www.linkedin.com/jobs/view/491905344?trkInfo=searchKeywordString%3AMarketing%2CsearchLocationString%3ACleveland%252C%2BOH%2Cvertical%3Ajobs%2CpageNum%3A1%2Cposition%3A12%2CMSRPsearchId%3Af32c2175-ce9a-4fa2-854b-6374b92c9a50&refId=f32c2175-ce9a-4fa2-854b-6374b92c9a50&trk=jobs_jserp_job_listing_text	Cleveland/Akron, Ohio AreaMore Cleveland jobs >	Marketing Coordinator
184	MeyerDC	https://www.linkedin.com/jobs/view/494380249?trkInfo=searchKeywordString%3AMarketing%2CsearchLocationString%3ACleveland%252C%2BOH%2Cvertical%3Ajobs%2CpageNum%3A1%2Cposition%3A13%2CMSRPsearchId%3Af32c2175-ce9a-4fa2-854b-6374b92c9a50&refId=f32c2175-ce9a-4fa2-854b-6374b92c9a50&trk=jobs_jserp_job_listing_text	Hudson, OH, USMore Hudson jobs >	Content Marketing Manager
185	i.e. Marketing Group	https://www.linkedin.com/jobs/view/494868967?trkInfo=searchKeywordString%3AMarketing%2CsearchLocationString%3ACleveland%252C%2BOH%2Cvertical%3Ajobs%2CpageNum%3A1%2Cposition%3A7%2CMSRPsearchId%3Af32c2175-ce9a-4fa2-854b-6374b92c9a50&refId=f32c2175-ce9a-4fa2-854b-6374b92c9a50&trk=jobs_jserp_job_listing_text	Lakewood, OH, USMore Lakewood jobs >	Sports Marketing - Marketing Coordinator - Entry Level
186	PROGRESSIVE CASUALTY INSURANCE CO	https://www.linkedin.com/jobs/view/493732923?trkInfo=searchKeywordString%3AMarketing%2CsearchLocationString%3ACleveland%252C%2BOH%2Cvertical%3Ajobs%2CpageNum%3A1%2Cposition%3A8%2CMSRPsearchId%3Af32c2175-ce9a-4fa2-854b-6374b92c9a50&refId=f32c2175-ce9a-4fa2-854b-6374b92c9a50&trk=jobs_jserp_job_listing_text	Mayfield, OH, USMore Cleveland jobs >	Marketing Process Analyst Senior to Marketing Process Analyst Lead
187	ABB	https://www.linkedin.com/jobs/view/456490532?trkInfo=searchKeywordString%3AMarketing%2CsearchLocationString%3ACleveland%252C%2BOH%2Cvertical%3Ajobs%2CpageNum%3A1%2Cposition%3A14%2CMSRPsearchId%3Af32c2175-ce9a-4fa2-854b-6374b92c9a50&refId=f32c2175-ce9a-4fa2-854b-6374b92c9a50&trk=jobs_jserp_job_listing_text	Cleveland, OH, USMore Cleveland jobs >	Marketing Co-op
188	State Industrial Products	https://www.linkedin.com/jobs/view/488586730?trkInfo=searchKeywordString%3AMarketing%2CsearchLocationString%3ACleveland%252C%2BOH%2Cvertical%3Ajobs%2CpageNum%3A1%2Cposition%3A15%2CMSRPsearchId%3Af32c2175-ce9a-4fa2-854b-6374b92c9a50&refId=f32c2175-ce9a-4fa2-854b-6374b92c9a50&trk=jobs_jserp_job_listing_text	Cleveland/Akron, Ohio AreaMore Cleveland jobs >	Marketing Analyst
189	Marcus & Millichap	https://www.linkedin.com/jobs/view/442083915?trkInfo=searchKeywordString%3AMarketing%2CsearchLocationString%3ACleveland%252C%2BOH%2Cvertical%3Ajobs%2CpageNum%3A1%2Cposition%3A16%2CMSRPsearchId%3Af32c2175-ce9a-4fa2-854b-6374b92c9a50&refId=f32c2175-ce9a-4fa2-854b-6374b92c9a50&trk=jobs_jserp_job_listing_text	Cleveland, OhioMore Cleveland jobs >	Marketing Coordinator
190	LeafFilter Gutter Protection	https://www.linkedin.com/jobs/view/488628937?trkInfo=searchKeywordString%3AMarketing%2CsearchLocationString%3ACleveland%252C%2BOH%2Cvertical%3Ajobs%2CpageNum%3A1%2Cposition%3A17%2CMSRPsearchId%3Af32c2175-ce9a-4fa2-854b-6374b92c9a50&refId=f32c2175-ce9a-4fa2-854b-6374b92c9a50&trk=jobs_jserp_job_listing_text	Hudson, OhioMore Hudson jobs >	Marketing Automation Specialist
191	Lakeside Events	https://www.linkedin.com/jobs/view/453205993?trkInfo=searchKeywordString%3AMarketing%2CsearchLocationString%3ACleveland%252C%2BOH%2Cvertical%3Ajobs%2CpageNum%3A1%2Cposition%3A18%2CMSRPsearchId%3Af32c2175-ce9a-4fa2-854b-6374b92c9a50&refId=f32c2175-ce9a-4fa2-854b-6374b92c9a50&trk=jobs_jserp_job_listing_text	Cleveland, OH, USMore Cleveland jobs >	Assistant Brand Manager ( Marketing / Public Relations )
192	The Job Network	https://www.linkedin.com/jobs/view/449661608?trkInfo=searchKeywordString%3AMarketing%2CsearchLocationString%3ACleveland%252C%2BOH%2Cvertical%3Ajobs%2CpageNum%3A1%2Cposition%3A19%2CMSRPsearchId%3Af32c2175-ce9a-4fa2-854b-6374b92c9a50&refId=f32c2175-ce9a-4fa2-854b-6374b92c9a50&trk=jobs_jserp_job_listing_text	Avon, OH, USMore Avon jobs >	Marketing Specialist
193	Schneider Saddlery	https://www.linkedin.com/jobs/view/477032820?trkInfo=searchKeywordString%3AMarketing%2CsearchLocationString%3ACleveland%252C%2BOH%2Cvertical%3Ajobs%2CpageNum%3A1%2Cposition%3A20%2CMSRPsearchId%3Af32c2175-ce9a-4fa2-854b-6374b92c9a50&refId=f32c2175-ce9a-4fa2-854b-6374b92c9a50&trk=jobs_jserp_job_listing_text	Chagrin Falls, OhioMore Chagrin Falls jobs >	Marketing Manager - Direct Marketing
194	Safeguard Properties	https://www.linkedin.com/jobs/view/489684977?trkInfo=searchKeywordString%3AMarketing%2CsearchLocationString%3ACleveland%252C%2BOH%2Cvertical%3Ajobs%2CpageNum%3A1%2Cposition%3A5%2CMSRPsearchId%3Af32c2175-ce9a-4fa2-854b-6374b92c9a50&refId=f32c2175-ce9a-4fa2-854b-6374b92c9a50&trk=jobs_jserp_job_listing_text	Cleveland/Akron, Ohio AreaMore Cleveland jobs >	Marketing Specialist
195	Hunter International Recruiting	https://www.linkedin.com/jobs/view/435442901?trkInfo=searchKeywordString%3AMarketing%2CsearchLocationString%3ACleveland%252C%2BOH%2Cvertical%3Ajobs%2CpageNum%3A1%2Cposition%3A6%2CMSRPsearchId%3Af32c2175-ce9a-4fa2-854b-6374b92c9a50&refId=f32c2175-ce9a-4fa2-854b-6374b92c9a50&trk=jobs_jserp_job_listing_text	Avon, OhioMore Avon jobs >	Product Marketing Specialist
196	industrial	https://www.linkedin.com/jobs/view/494008864?trkInfo=searchKeywordString%3AMarketing%2CsearchLocationString%3ACleveland%252C%2BOH%2Cvertical%3Ajobs%2CpageNum%3A1%2Cposition%3A4%2CMSRPsearchId%3Af32c2175-ce9a-4fa2-854b-6374b92c9a50&refId=f32c2175-ce9a-4fa2-854b-6374b92c9a50&trk=jobs_jserp_job_listing_text	Mayfield Heights, OH, USMore Cleveland jobs >	Marketing Analyst
197	Kichler Lighting	https://www.linkedin.com/jobs/view/493680541?trkInfo=searchKeywordString%3AMarketing%2CsearchLocationString%3ACleveland%252C%2BOH%2Cvertical%3Ajobs%2CpageNum%3A1%2Cposition%3A3%2CMSRPsearchId%3Af32c2175-ce9a-4fa2-854b-6374b92c9a50&refId=f32c2175-ce9a-4fa2-854b-6374b92c9a50&trk=jobs_jserp_job_listing_text	Independence, OH, USMore Independence jobs >	Marketing Communications Specialist
198	Fathom Marketing	https://www.linkedin.com/jobs/view/491719685?trkInfo=searchKeywordString%3AMarketing%2CsearchLocationString%3ACleveland%252C%2BOH%2Cvertical%3Ajobs%2CpageNum%3A1%2Cposition%3A2%2CMSRPsearchId%3Af32c2175-ce9a-4fa2-854b-6374b92c9a50&refId=f32c2175-ce9a-4fa2-854b-6374b92c9a50&trk=jobs_jserp_job_listing_text	Cleveland/Akron, Ohio AreaMore Cleveland jobs >	Marketing Automation Strategist
199	G.O.C., S/A	https://www.linkedin.com/jobs/view/491776068?trkInfo=searchKeywordString%3AMarketing%2CsearchLocationString%3ACleveland%252C%2BOH%2Cvertical%3Ajobs%2CpageNum%3A1%2Cposition%3A1%2CMSRPsearchId%3Af32c2175-ce9a-4fa2-854b-6374b92c9a50&refId=f32c2175-ce9a-4fa2-854b-6374b92c9a50&trk=jobs_jserp_job_listing_text	Brecksville, OH, USMore Brecksville jobs >	Marketing and Graphic Internship
200	MeyerDC	https://www.linkedin.com/jobs/view/494380249?trkInfo=searchKeywordString%3AMarketing%2CsearchLocationString%3ACleveland%252C%2BOH%2Cvertical%3Ajobs%2CpageNum%3A1%2Cposition%3A13%2CMSRPsearchId%3A2be9d5af-22dc-4475-b5b7-2ef9c27e37a9&refId=2be9d5af-22dc-4475-b5b7-2ef9c27e37a9&trk=jobs_jserp_job_listing_text	Hudson, OH, USMore Hudson jobs >	Content Marketing Manager
201	ABB	https://www.linkedin.com/jobs/view/456490532?trkInfo=searchKeywordString%3AMarketing%2CsearchLocationString%3ACleveland%252C%2BOH%2Cvertical%3Ajobs%2CpageNum%3A1%2Cposition%3A14%2CMSRPsearchId%3A2be9d5af-22dc-4475-b5b7-2ef9c27e37a9&refId=2be9d5af-22dc-4475-b5b7-2ef9c27e37a9&trk=jobs_jserp_job_listing_text	Cleveland, OH, USMore Cleveland jobs >	Marketing Co-op
202	Forest City Consulting Inc	https://www.linkedin.com/jobs/view/407293120?trkInfo=searchKeywordString%3AMarketing%2CsearchLocationString%3ACleveland%252C%2BOH%2Cvertical%3Ajobs%2CpageNum%3A1%2Cposition%3A11%2CMSRPsearchId%3A2be9d5af-22dc-4475-b5b7-2ef9c27e37a9&refId=2be9d5af-22dc-4475-b5b7-2ef9c27e37a9&trk=jobs_jserp_job_listing_text	Cleveland/Akron, Ohio AreaMore Cleveland jobs >	Entry Level Business Consultant | Marketing Account Executive
203	Exit Planning Institute	https://www.linkedin.com/jobs/view/491905344?trkInfo=searchKeywordString%3AMarketing%2CsearchLocationString%3ACleveland%252C%2BOH%2Cvertical%3Ajobs%2CpageNum%3A1%2Cposition%3A12%2CMSRPsearchId%3A2be9d5af-22dc-4475-b5b7-2ef9c27e37a9&refId=2be9d5af-22dc-4475-b5b7-2ef9c27e37a9&trk=jobs_jserp_job_listing_text	Cleveland/Akron, Ohio AreaMore Cleveland jobs >	Marketing Coordinator
204	Summit Retail Solutions Inc.	https://www.linkedin.com/jobs/view/490120109?trkInfo=searchKeywordString%3AMarketing%2CsearchLocationString%3ACleveland%252C%2BOH%2Cvertical%3Ajobs%2CpageNum%3A1%2Cposition%3A9%2CMSRPsearchId%3A2be9d5af-22dc-4475-b5b7-2ef9c27e37a9&refId=2be9d5af-22dc-4475-b5b7-2ef9c27e37a9&trk=jobs_jserp_job_listing_text	Brunswick, OH, USMore Brunswick jobs >	Event Marketing Assistant - Marketing, Promotions & Public Relations
205	TPC Wire & Cable Corp.	https://www.linkedin.com/jobs/view/490114830?trkInfo=searchKeywordString%3AMarketing%2CsearchLocationString%3ACleveland%252C%2BOH%2Cvertical%3Ajobs%2CpageNum%3A1%2Cposition%3A10%2CMSRPsearchId%3A2be9d5af-22dc-4475-b5b7-2ef9c27e37a9&refId=2be9d5af-22dc-4475-b5b7-2ef9c27e37a9&trk=jobs_jserp_job_listing_text	Macedonia, OH, USMore Macedonia jobs >	Marketing Communications Specialist
206	Hunter International Recruiting	https://www.linkedin.com/jobs/view/435442901?trkInfo=searchKeywordString%3AMarketing%2CsearchLocationString%3ACleveland%252C%2BOH%2Cvertical%3Ajobs%2CpageNum%3A1%2Cposition%3A6%2CMSRPsearchId%3A2be9d5af-22dc-4475-b5b7-2ef9c27e37a9&refId=2be9d5af-22dc-4475-b5b7-2ef9c27e37a9&trk=jobs_jserp_job_listing_text	Avon, OhioMore Avon jobs >	Product Marketing Specialist
207	i.e. Marketing Group	https://www.linkedin.com/jobs/view/494868967?trkInfo=searchKeywordString%3AMarketing%2CsearchLocationString%3ACleveland%252C%2BOH%2Cvertical%3Ajobs%2CpageNum%3A1%2Cposition%3A7%2CMSRPsearchId%3A2be9d5af-22dc-4475-b5b7-2ef9c27e37a9&refId=2be9d5af-22dc-4475-b5b7-2ef9c27e37a9&trk=jobs_jserp_job_listing_text	Lakewood, OH, USMore Lakewood jobs >	Sports Marketing - Marketing Coordinator - Entry Level
208	PROGRESSIVE CASUALTY INSURANCE CO	https://www.linkedin.com/jobs/view/493732923?trkInfo=searchKeywordString%3AMarketing%2CsearchLocationString%3ACleveland%252C%2BOH%2Cvertical%3Ajobs%2CpageNum%3A1%2Cposition%3A8%2CMSRPsearchId%3A2be9d5af-22dc-4475-b5b7-2ef9c27e37a9&refId=2be9d5af-22dc-4475-b5b7-2ef9c27e37a9&trk=jobs_jserp_job_listing_text	Mayfield, OH, USMore Cleveland jobs >	Marketing Process Analyst Senior to Marketing Process Analyst Lead
209	State Industrial Products	https://www.linkedin.com/jobs/view/488586730?trkInfo=searchKeywordString%3AMarketing%2CsearchLocationString%3ACleveland%252C%2BOH%2Cvertical%3Ajobs%2CpageNum%3A1%2Cposition%3A15%2CMSRPsearchId%3A2be9d5af-22dc-4475-b5b7-2ef9c27e37a9&refId=2be9d5af-22dc-4475-b5b7-2ef9c27e37a9&trk=jobs_jserp_job_listing_text	Cleveland/Akron, Ohio AreaMore Cleveland jobs >	Marketing Analyst
210	Marcus & Millichap	https://www.linkedin.com/jobs/view/442083915?trkInfo=searchKeywordString%3AMarketing%2CsearchLocationString%3ACleveland%252C%2BOH%2Cvertical%3Ajobs%2CpageNum%3A1%2Cposition%3A16%2CMSRPsearchId%3A2be9d5af-22dc-4475-b5b7-2ef9c27e37a9&refId=2be9d5af-22dc-4475-b5b7-2ef9c27e37a9&trk=jobs_jserp_job_listing_text	Cleveland, OhioMore Cleveland jobs >	Marketing Coordinator
211	LeafFilter Gutter Protection	https://www.linkedin.com/jobs/view/488628937?trkInfo=searchKeywordString%3AMarketing%2CsearchLocationString%3ACleveland%252C%2BOH%2Cvertical%3Ajobs%2CpageNum%3A1%2Cposition%3A17%2CMSRPsearchId%3A2be9d5af-22dc-4475-b5b7-2ef9c27e37a9&refId=2be9d5af-22dc-4475-b5b7-2ef9c27e37a9&trk=jobs_jserp_job_listing_text	Hudson, OhioMore Hudson jobs >	Marketing Automation Specialist
212	Schneider Saddlery	https://www.linkedin.com/jobs/view/477032820?trkInfo=searchKeywordString%3AMarketing%2CsearchLocationString%3ACleveland%252C%2BOH%2Cvertical%3Ajobs%2CpageNum%3A1%2Cposition%3A20%2CMSRPsearchId%3A2be9d5af-22dc-4475-b5b7-2ef9c27e37a9&refId=2be9d5af-22dc-4475-b5b7-2ef9c27e37a9&trk=jobs_jserp_job_listing_text	Chagrin Falls, OhioMore Chagrin Falls jobs >	Marketing Manager - Direct Marketing
213	Kharismatic Solutions, Inc.	https://www.linkedin.com/jobs/view/453207991?trkInfo=searchKeywordString%3AMarketing%2CsearchLocationString%3ACleveland%252C%2BOH%2Cvertical%3Ajobs%2CpageNum%3A1%2Cposition%3A21%2CMSRPsearchId%3A2be9d5af-22dc-4475-b5b7-2ef9c27e37a9&refId=2be9d5af-22dc-4475-b5b7-2ef9c27e37a9&trk=jobs_jserp_job_listing_text	Independence, OH, USMore Independence jobs >	Sports Minded Entry Level Marketing And Advertising Associate
214	Lakeside Events	https://www.linkedin.com/jobs/view/453205993?trkInfo=searchKeywordString%3AMarketing%2CsearchLocationString%3ACleveland%252C%2BOH%2Cvertical%3Ajobs%2CpageNum%3A1%2Cposition%3A18%2CMSRPsearchId%3A2be9d5af-22dc-4475-b5b7-2ef9c27e37a9&refId=2be9d5af-22dc-4475-b5b7-2ef9c27e37a9&trk=jobs_jserp_job_listing_text	Cleveland, OH, USMore Cleveland jobs >	Assistant Brand Manager ( Marketing / Public Relations )
215	The Job Network	https://www.linkedin.com/jobs/view/449661608?trkInfo=searchKeywordString%3AMarketing%2CsearchLocationString%3ACleveland%252C%2BOH%2Cvertical%3Ajobs%2CpageNum%3A1%2Cposition%3A19%2CMSRPsearchId%3A2be9d5af-22dc-4475-b5b7-2ef9c27e37a9&refId=2be9d5af-22dc-4475-b5b7-2ef9c27e37a9&trk=jobs_jserp_job_listing_text	Avon, OH, USMore Avon jobs >	Marketing Specialist
216	Brandmuscle	https://www.linkedin.com/jobs/view/483856074?trkInfo=searchKeywordString%3AMarketing%2CsearchLocationString%3ACleveland%252C%2BOH%2Cvertical%3Ajobs%2CpageNum%3A1%2Cposition%3A24%2CMSRPsearchId%3A2be9d5af-22dc-4475-b5b7-2ef9c27e37a9&refId=2be9d5af-22dc-4475-b5b7-2ef9c27e37a9&trk=jobs_jserp_job_listing_text	Cleveland, OhioMore Cleveland jobs >	Marketing Coordinator - Events & Media
217	Score Marketing, Inc	https://www.linkedin.com/jobs/view/484971924?trkInfo=searchKeywordString%3AMarketing%2CsearchLocationString%3ACleveland%252C%2BOH%2Cvertical%3Ajobs%2CpageNum%3A1%2Cposition%3A22%2CMSRPsearchId%3A2be9d5af-22dc-4475-b5b7-2ef9c27e37a9&refId=2be9d5af-22dc-4475-b5b7-2ef9c27e37a9&trk=jobs_jserp_job_listing_text	Cleveland/Akron, Ohio AreaMore Cleveland jobs >	Entry Level Management/Marketing - College Grads Welcomed
218	Bendix Commercial Vehicles Systems LLC	https://www.linkedin.com/jobs/view/493816052?trkInfo=searchKeywordString%3AMarketing%2CsearchLocationString%3ACleveland%252C%2BOH%2Cvertical%3Ajobs%2CpageNum%3A1%2Cposition%3A23%2CMSRPsearchId%3A2be9d5af-22dc-4475-b5b7-2ef9c27e37a9&refId=2be9d5af-22dc-4475-b5b7-2ef9c27e37a9&trk=jobs_jserp_job_listing_text	Elyria, OH, USMore Elyria jobs >	Marketing Coop Spring
219	The DMA	https://www.linkedin.com/jobs/view/493684959?trkInfo=searchKeywordString%3AMarketing%2CsearchLocationString%3ACleveland%252C%2BOH%2Cvertical%3Ajobs%2CpageNum%3A1%2Cposition%3A25%2CMSRPsearchId%3A2be9d5af-22dc-4475-b5b7-2ef9c27e37a9&refId=2be9d5af-22dc-4475-b5b7-2ef9c27e37a9&trk=jobs_jserp_job_listing_text	Mayfield Heights, OH, USMore Cleveland jobs >	Marketing Manager
220	industrial	https://www.linkedin.com/jobs/view/494008864?trkInfo=searchKeywordString%3AMarketing%2CsearchLocationString%3ACleveland%252C%2BOH%2Cvertical%3Ajobs%2CpageNum%3A1%2Cposition%3A4%2CMSRPsearchId%3A2be9d5af-22dc-4475-b5b7-2ef9c27e37a9&refId=2be9d5af-22dc-4475-b5b7-2ef9c27e37a9&trk=jobs_jserp_job_listing_text	Mayfield Heights, OH, USMore Cleveland jobs >	Marketing Analyst
221	Safeguard Properties	https://www.linkedin.com/jobs/view/489684977?trkInfo=searchKeywordString%3AMarketing%2CsearchLocationString%3ACleveland%252C%2BOH%2Cvertical%3Ajobs%2CpageNum%3A1%2Cposition%3A5%2CMSRPsearchId%3A2be9d5af-22dc-4475-b5b7-2ef9c27e37a9&refId=2be9d5af-22dc-4475-b5b7-2ef9c27e37a9&trk=jobs_jserp_job_listing_text	Cleveland/Akron, Ohio AreaMore Cleveland jobs >	Marketing Specialist
222	G.O.C., S/A	https://www.linkedin.com/jobs/view/491776068?trkInfo=searchKeywordString%3AMarketing%2CsearchLocationString%3ACleveland%252C%2BOH%2Cvertical%3Ajobs%2CpageNum%3A1%2Cposition%3A1%2CMSRPsearchId%3A2be9d5af-22dc-4475-b5b7-2ef9c27e37a9&refId=2be9d5af-22dc-4475-b5b7-2ef9c27e37a9&trk=jobs_jserp_job_listing_text	Brecksville, OH, USMore Brecksville jobs >	Marketing and Graphic Internship
223	Fathom Marketing	https://www.linkedin.com/jobs/view/491719685?trkInfo=searchKeywordString%3AMarketing%2CsearchLocationString%3ACleveland%252C%2BOH%2Cvertical%3Ajobs%2CpageNum%3A1%2Cposition%3A2%2CMSRPsearchId%3A2be9d5af-22dc-4475-b5b7-2ef9c27e37a9&refId=2be9d5af-22dc-4475-b5b7-2ef9c27e37a9&trk=jobs_jserp_job_listing_text	Cleveland/Akron, Ohio AreaMore Cleveland jobs >	Marketing Automation Strategist
224	Kichler Lighting	https://www.linkedin.com/jobs/view/493680541?trkInfo=searchKeywordString%3AMarketing%2CsearchLocationString%3ACleveland%252C%2BOH%2Cvertical%3Ajobs%2CpageNum%3A1%2Cposition%3A3%2CMSRPsearchId%3A2be9d5af-22dc-4475-b5b7-2ef9c27e37a9&refId=2be9d5af-22dc-4475-b5b7-2ef9c27e37a9&trk=jobs_jserp_job_listing_text	Independence, OH, USMore Independence jobs >	Marketing Communications Specialist
